{"name": "Attack - all", "versions": {"navigator": "4.3", "layer": "4.2"},
"domain": "enterprise-attack", "description": "stage: attack | platform(s): all | group(s): Cisco Talos (Quarterly Report - Incident Response trends from Spring 2021) | overlay group(s): ", "filters": {"platforms": ["PRE", "Windows", "macOS", "Linux", "Office 365", "Azure AD", "Google Workspace", "IaaS", "SaaS", "Network", "Containers"]},
"sorting": 3, "layout": {"layout": "flat", "showName": true, "showID": false},
"hideDisable": false, "selectSubtechniquesWithParent": false, "techniques": [{"techniqueID": "T1132.001", "score": 1, "metadata": [{"name": "Group", "value": "Cisco Talos"},
{"name": "Campaign", "value": "Quarterly Report - Incident Response trends from Spring 2021"}]},
{"techniqueID": "T1505.003", "score": 1, "metadata": [{"name": "Group", "value": "Cisco Talos"},
{"name": "Campaign", "value": "Quarterly Report - Incident Response trends from Spring 2021"}]},
{"techniqueID": "T1190", "score": 1, "metadata": [{"name": "Group", "value": "Cisco Talos"},
{"name": "Campaign", "value": "Quarterly Report - Incident Response trends from Spring 2021"}], "showSubtechniques": false},
{"techniqueID": "T1560.001", "score": 1, "metadata": [{"name": "Group", "value": "Cisco Talos"},
{"name": "Campaign", "value": "Quarterly Report - Incident Response trends from Spring 2021"}]},
{"techniqueID": "T1003", "score": 1, "metadata": [{"name": "Group", "value": "Cisco Talos"},
{"name": "Campaign", "value": "Quarterly Report - Incident Response trends from Spring 2021"}], "showSubtechniques": false},
{"techniqueID": "T1027", "score": 1, "metadata": [{"name": "Group", "value": "Cisco Talos"},
{"name": "Campaign", "value": "Quarterly Report - Incident Response trends from Spring 2021"}], "showSubtechniques": false},
{"techniqueID": "T1059.001", "score": 1, "metadata": [{"name": "Group", "value": "Cisco Talos"},
{"name": "Campaign", "value": "Quarterly Report - Incident Response trends from Spring 2021"}]},
{"techniqueID": "T1046", "score": 1, "metadata": [{"name": "Group", "value": "Cisco Talos"},
{"name": "Campaign", "value": "Quarterly Report - Incident Response trends from Spring 2021"}], "showSubtechniques": false},
{"techniqueID": "T1486", "score": 1, "metadata": [{"name": "Group", "value": "Cisco Talos"},
{"name": "Campaign", "value": "Quarterly Report - Incident Response trends from Spring 2021"}], "showSubtechniques": false},
{"techniqueID": "T1021.001", "score": 1, "metadata": [{"name": "Group", "value": "Cisco Talos"},
{"name": "Campaign", "value": "Quarterly Report - Incident Response trends from Spring 2021"}]},
{"techniqueID": "T1543.003", "score": 1, "metadata": [{"name": "Group", "value": "Cisco Talos"},
{"name": "Campaign", "value": "Quarterly Report - Incident Response trends from Spring 2021"}]},
{"techniqueID": "T1132", "showSubtechniques": true},
{"techniqueID": "T1505", "showSubtechniques": true},
{"techniqueID": "T1560", "showSubtechniques": true},
{"techniqueID": "T1059", "showSubtechniques": true},
{"techniqueID": "T1021", "showSubtechniques": true},
{"techniqueID": "T1543", "showSubtechniques": true}], "showTacticRowBackground": false, "tacticRowBackground": "#dddddd", "selectTechniquesAcrossTactics": true, "gradient": {"colors": ["#ffcece", "#ff0000"], "minValue": 0, "maxValue": 1},
"legendItems": [{"label": "Tech. not often used", "color": "#ffcece"},
{"label": "Tech. used frequently", "color": "#ff0000"},
{"label": "Groups overlay: tech. in group + overlay", "color": "#f9a825"},
{"label": "Groups overlay: tech. in overlay", "color": "#ffee58"},
{"label": "Src. of tech. is only software", "color": "#0d47a1 "},
{"label": "Src. of tech. is group(s)/overlay + software", "color": "#64b5f6 "}]}