{"name": "Rapid7 Q1 2019 - mobile", "version": "2.2", "domain": "mitre-mobile", "description": "stage: attack | platform: Mobile | group(s): Rapid7 Quarterly Threat Report Q1 2019", "filters": {},
"sorting": 3, "viewMode": 0, "hideDisable": false, "techniques": [{"techniqueID": "T1018", "score": 10, "metadata": [{"name": "-Groups", "value": "Rapid7 Quarterly Threat Report Q1 2019"}]},
{"techniqueID": "T1407", "score": 9, "metadata": [{"name": "-Groups", "value": "Rapid7 Quarterly Threat Report Q1 2019"}]},
{"techniqueID": "T1411", "score": 99, "metadata": [{"name": "-Groups", "value": "Rapid7 Quarterly Threat Report Q1 2019"}]},
{"techniqueID": "T1472", "score": 99, "metadata": [{"name": "-Groups", "value": "Rapid7 Quarterly Threat Report Q1 2019"}]}], "showTacticRowBackground": false, "tacticRowBackground": "#dddddd", "selectTechniquesAcrossTactics": true, "gradient": {"colors": ["#ffcece", "#ff0000"], "minValue": 0, "maxValue": 99},
"legendItems": [{"label": "Tech. not often used", "color": "#ffcece"},
{"label": "Tech. used frequently", "color": "#ff0000"},
{"label": "Groups overlay: tech. in group + overlay", "color": "#f9a825"},
{"label": "Groups overlay: tech. in overlay", "color": "#ffee58"},
{"label": "Src. of tech. is only software", "color": "#0d47a1 "},
{"label": "Src. of tech. is group(s)/overlay + software", "color": "#64b5f6 "}]}