{"name": "Attack - all", "versions": {"navigator": "4.1", "layer": "4.1"},
"domain": "enterprise-attack", "description": "stage: attack | platform(s): all | group(s): FireEye Mandiant - M-Trends 2021 | overlay group(s): ", "filters": {"platforms": ["Windows", "Linux", "PRE", "macOS", "AWS", "GCP", "Azure", "Azure AD", "Office 365", "SaaS", "Network"]},
"sorting": 3, "layout": {"layout": "flat", "showName": true, "showID": false},
"hideDisable": false, "selectSubtechniquesWithParent": false, "techniques": [{"techniqueID": "T1027.001", "score": 1, "metadata": [{"name": "Group", "value": "FireEye Mandiant - M-Trends 2021"}]},
{"techniqueID": "T1480", "score": 2, "metadata": [{"name": "Group", "value": "FireEye Mandiant - M-Trends 2021"}], "showSubtechniques": false},
{"techniqueID": "T1204.002", "score": 4, "metadata": [{"name": "Group", "value": "FireEye Mandiant - M-Trends 2021"}]},
{"techniqueID": "T1114.003", "score": 2, "metadata": [{"name": "Group", "value": "FireEye Mandiant - M-Trends 2021"}]},
{"techniqueID": "T1569", "score": 31, "metadata": [{"name": "Group", "value": "FireEye Mandiant - M-Trends 2021"}], "showSubtechniques": true},
{"techniqueID": "T1497", "score": 13, "metadata": [{"name": "Group", "value": "FireEye Mandiant - M-Trends 2021"}], "showSubtechniques": true},
{"techniqueID": "T1059.005", "score": 6, "metadata": [{"name": "Group", "value": "FireEye Mandiant - M-Trends 2021"}]},
{"techniqueID": "T1578.002", "score": 1, "metadata": [{"name": "Group", "value": "FireEye Mandiant - M-Trends 2021"}]},
{"techniqueID": "T1059.003", "score": 15, "metadata": [{"name": "Group", "value": "FireEye Mandiant - M-Trends 2021"}]},
{"techniqueID": "T1133", "score": 12, "metadata": [{"name": "Group", "value": "FireEye Mandiant - M-Trends 2021"}], "showSubtechniques": false},
{"techniqueID": "T1111", "score": 1, "metadata": [{"name": "Group", "value": "FireEye Mandiant - M-Trends 2021"}], "showSubtechniques": false},
{"techniqueID": "T1125", "score": 1, "metadata": [{"name": "Group", "value": "FireEye Mandiant - M-Trends 2021"}], "showSubtechniques": false},
{"techniqueID": "T1529", "score": 3, "metadata": [{"name": "Group", "value": "FireEye Mandiant - M-Trends 2021"}], "showSubtechniques": false},
{"techniqueID": "T1531", "score": 1, "metadata": [{"name": "Group", "value": "FireEye Mandiant - M-Trends 2021"}], "showSubtechniques": false},
{"techniqueID": "T1200", "score": 1, "metadata": [{"name": "Group", "value": "FireEye Mandiant - M-Trends 2021"}], "showSubtechniques": false},
{"techniqueID": "T1548.002", "score": 1, "metadata": [{"name": "Group", "value": "FireEye Mandiant - M-Trends 2021"}]},
{"techniqueID": "T1218.002", "score": 1, "metadata": [{"name": "Group", "value": "FireEye Mandiant - M-Trends 2021"}]},
{"techniqueID": "T1189", "score": 2, "metadata": [{"name": "Group", "value": "FireEye Mandiant - M-Trends 2021"}], "showSubtechniques": false},
{"techniqueID": "T1124", "score": 1, "metadata": [{"name": "Group", "value": "FireEye Mandiant - M-Trends 2021"}], "showSubtechniques": false},
{"techniqueID": "T1087.004", "score": 1, "metadata": [{"name": "Group", "value": "FireEye Mandiant - M-Trends 2021"}]},
{"techniqueID": "T1018", "score": 1, "metadata": [{"name": "Group", "value": "FireEye Mandiant - M-Trends 2021"}], "showSubtechniques": false},
{"techniqueID": "T1140", "score": 3, "metadata": [{"name": "Group", "value": "FireEye Mandiant - M-Trends 2021"}], "showSubtechniques": false},
{"techniqueID": "T1491.002", "score": 1, "metadata": [{"name": "Group", "value": "FireEye Mandiant - M-Trends 2021"}]},
{"techniqueID": "T1110.001", "score": 1, "metadata": [{"name": "Group", "value": "FireEye Mandiant - M-Trends 2021"}]},
{"techniqueID": "T1217", "score": 1, "metadata": [{"name": "Group", "value": "FireEye Mandiant - M-Trends 2021"}], "showSubtechniques": false},
{"techniqueID": "T1090.004", "score": 1, "metadata": [{"name": "Group", "value": "FireEye Mandiant - M-Trends 2021"}]},
{"techniqueID": "T1588.003", "score": 21, "metadata": [{"name": "Group", "value": "FireEye Mandiant - M-Trends 2021"}]},
{"techniqueID": "T1036.001", "score": 1, "metadata": [{"name": "Group", "value": "FireEye Mandiant - M-Trends 2021"}]},
{"techniqueID": "T1497.001", "score": 2, "metadata": [{"name": "Group", "value": "FireEye Mandiant - M-Trends 2021"}]},
{"techniqueID": "T1550.002", "score": 1, "metadata": [{"name": "Group", "value": "FireEye Mandiant - M-Trends 2021"}]},
{"techniqueID": "T1543.003", "score": 9, "metadata": [{"name": "Group", "value": "FireEye Mandiant - M-Trends 2021"}]},
{"techniqueID": "T1490", "score": 3, "metadata": [{"name": "Group", "value": "FireEye Mandiant - M-Trends 2021"}], "showSubtechniques": false},
{"techniqueID": "T1578", "score": 1, "metadata": [{"name": "Group", "value": "FireEye Mandiant - M-Trends 2021"}], "showSubtechniques": true},
{"techniqueID": "T1134.001", "score": 1, "metadata": [{"name": "Group", "value": "FireEye Mandiant - M-Trends 2021"}]},
{"techniqueID": "T1218.005", "score": 1, "metadata": [{"name": "Group", "value": "FireEye Mandiant - M-Trends 2021"}]},
{"techniqueID": "T1087", "score": 4, "metadata": [{"name": "Group", "value": "FireEye Mandiant - M-Trends 2021"}], "showSubtechniques": true},
{"techniqueID": "T1071.004", "score": 2, "metadata": [{"name": "Group", "value": "FireEye Mandiant - M-Trends 2021"}]},
{"techniqueID": "T1068", "score": 1, "metadata": [{"name": "Group", "value": "FireEye Mandiant - M-Trends 2021"}], "showSubtechniques": false},
{"techniqueID": "T1558", "score": 1, "metadata": [{"name": "Group", "value": "FireEye Mandiant - M-Trends 2021"}], "showSubtechniques": true},
{"techniqueID": "T1569.002", "score": 31, "metadata": [{"name": "Group", "value": "FireEye Mandiant - M-Trends 2021"}]},
{"techniqueID": "T1583.003", "score": 8, "metadata": [{"name": "Group", "value": "FireEye Mandiant - M-Trends 2021"}]},
{"techniqueID": "T1190", "score": 21, "metadata": [{"name": "Group", "value": "FireEye Mandiant - M-Trends 2021"}], "showSubtechniques": false},
{"techniqueID": "T1564.003", "score": 2, "metadata": [{"name": "Group", "value": "FireEye Mandiant - M-Trends 2021"}]},
{"techniqueID": "T1546", "score": 3, "metadata": [{"name": "Group", "value": "FireEye Mandiant - M-Trends 2021"}], "showSubtechniques": true},
{"techniqueID": "T1219", "score": 1, "metadata": [{"name": "Group", "value": "FireEye Mandiant - M-Trends 2021"}], "showSubtechniques": false},
{"techniqueID": "T1542", "score": 1, "metadata": [{"name": "Group", "value": "FireEye Mandiant - M-Trends 2021"}], "showSubtechniques": true},
{"techniqueID": "T1566.003", "score": 1, "metadata": [{"name": "Group", "value": "FireEye Mandiant - M-Trends 2021"}]},
{"techniqueID": "T1560", "score": 15, "metadata": [{"name": "Group", "value": "FireEye Mandiant - M-Trends 2021"}], "showSubtechniques": true},
{"techniqueID": "T1003.001", "score": 4, "metadata": [{"name": "Group", "value": "FireEye Mandiant - M-Trends 2021"}]},
{"techniqueID": "T1070.006", "score": 6, "metadata": [{"name": "Group", "value": "FireEye Mandiant - M-Trends 2021"}]},
{"techniqueID": "T1564", "score": 2, "metadata": [{"name": "Group", "value": "FireEye Mandiant - M-Trends 2021"}], "showSubtechniques": true},
{"techniqueID": "T1049", "score": 5, "metadata": [{"name": "Group", "value": "FireEye Mandiant - M-Trends 2021"}], "showSubtechniques": false},
{"techniqueID": "T1530", "score": 1, "metadata": [{"name": "Group", "value": "FireEye Mandiant - M-Trends 2021"}], "showSubtechniques": false},
{"techniqueID": "T1518", "score": 12, "metadata": [{"name": "Group", "value": "FireEye Mandiant - M-Trends 2021"}], "showSubtechniques": false},
{"techniqueID": "T1560.001", "score": 3, "metadata": [{"name": "Group", "value": "FireEye Mandiant - M-Trends 2021"}]},
{"techniqueID": "T1548.001", "score": 1, "metadata": [{"name": "Group", "value": "FireEye Mandiant - M-Trends 2021"}]},
{"techniqueID": "T1059.007", "score": 3, "metadata": [{"name": "Group", "value": "FireEye Mandiant - M-Trends 2021"}]},
{"techniqueID": "T1187", "score": 1, "metadata": [{"name": "Group", "value": "FireEye Mandiant - M-Trends 2021"}], "showSubtechniques": false},
{"techniqueID": "T1566.001", "score": 8, "metadata": [{"name": "Group", "value": "FireEye Mandiant - M-Trends 2021"}]},
{"techniqueID": "T1538", "score": 1, "metadata": [{"name": "Group", "value": "FireEye Mandiant - M-Trends 2021"}], "showSubtechniques": false},
{"techniqueID": "T1489", "score": 13, "metadata": [{"name": "Group", "value": "FireEye Mandiant - M-Trends 2021"}], "showSubtechniques": false},
{"techniqueID": "T1563", "score": 1, "metadata": [{"name": "Group", "value": "FireEye Mandiant - M-Trends 2021"}], "showSubtechniques": true},
{"techniqueID": "T1202", "score": 4, "metadata": [{"name": "Group", "value": "FireEye Mandiant - M-Trends 2021"}], "showSubtechniques": false},
{"techniqueID": "T1562.007", "score": 1, "metadata": [{"name": "Group", "value": "FireEye Mandiant - M-Trends 2021"}]},
{"techniqueID": "T1057", "score": 12, "metadata": [{"name": "Group", "value": "FireEye Mandiant - M-Trends 2021"}], "showSubtechniques": false},
{"techniqueID": "T1003.006", "score": 1, "metadata": [{"name": "Group", "value": "FireEye Mandiant - M-Trends 2021"}]},
{"techniqueID": "T1578.003", "score": 1, "metadata": [{"name": "Group", "value": "FireEye Mandiant - M-Trends 2021"}]},
{"techniqueID": "T1562.004", "score": 5, "metadata": [{"name": "Group", "value": "FireEye Mandiant - M-Trends 2021"}]},
{"techniqueID": "T1550", "score": 1, "metadata": [{"name": "Group", "value": "FireEye Mandiant - M-Trends 2021"}], "showSubtechniques": true},
{"techniqueID": "T1105", "score": 24, "metadata": [{"name": "Group", "value": "FireEye Mandiant - M-Trends 2021"}], "showSubtechniques": false},
{"techniqueID": "T1110.003", "score": 2, "metadata": [{"name": "Group", "value": "FireEye Mandiant - M-Trends 2021"}]},
{"techniqueID": "T1071.001", "score": 8, "metadata": [{"name": "Group", "value": "FireEye Mandiant - M-Trends 2021"}]},
{"techniqueID": "T1127.001", "score": 1, "metadata": [{"name": "Group", "value": "FireEye Mandiant - M-Trends 2021"}]},
{"techniqueID": "T1083", "score": 22, "metadata": [{"name": "Group", "value": "FireEye Mandiant - M-Trends 2021"}], "showSubtechniques": false},
{"techniqueID": "T1546.008", "score": 1, "metadata": [{"name": "Group", "value": "FireEye Mandiant - M-Trends 2021"}]},
{"techniqueID": "T1564.004", "score": 1, "metadata": [{"name": "Group", "value": "FireEye Mandiant - M-Trends 2021"}]},
{"techniqueID": "T1482", "score": 5, "metadata": [{"name": "Group", "value": "FireEye Mandiant - M-Trends 2021"}], "showSubtechniques": false},
{"techniqueID": "T1562.001", "score": 6, "metadata": [{"name": "Group", "value": "FireEye Mandiant - M-Trends 2021"}]},
{"techniqueID": "T1027", "score": 53, "metadata": [{"name": "Group", "value": "FireEye Mandiant - M-Trends 2021"}], "showSubtechniques": true},
{"techniqueID": "T1090.003", "score": 3, "metadata": [{"name": "Group", "value": "FireEye Mandiant - M-Trends 2021"}]},
{"techniqueID": "T1078", "score": 7, "metadata": [{"name": "Group", "value": "FireEye Mandiant - M-Trends 2021"}], "showSubtechniques": false},
{"techniqueID": "T1218", "score": 2, "metadata": [{"name": "Group", "value": "FireEye Mandiant - M-Trends 2021"}], "showSubtechniques": true},
{"techniqueID": "T1197", "score": 1, "metadata": [{"name": "Group", "value": "FireEye Mandiant - M-Trends 2021"}], "showSubtechniques": false},
{"techniqueID": "T1070.001", "score": 4, "metadata": [{"name": "Group", "value": "FireEye Mandiant - M-Trends 2021"}]},
{"techniqueID": "T1036", "score": 2, "metadata": [{"name": "Group", "value": "FireEye Mandiant - M-Trends 2021"}], "showSubtechniques": true},
{"techniqueID": "T1486", "score": 2, "metadata": [{"name": "Group", "value": "FireEye Mandiant - M-Trends 2021"}], "showSubtechniques": false},
{"techniqueID": "T1053", "score": 15, "metadata": [{"name": "Group", "value": "FireEye Mandiant - M-Trends 2021"}], "showSubtechniques": true},
{"techniqueID": "T1136", "score": 6, "metadata": [{"name": "Group", "value": "FireEye Mandiant - M-Trends 2021"}], "showSubtechniques": true},
{"techniqueID": "T1069", "score": 2, "metadata": [{"name": "Group", "value": "FireEye Mandiant - M-Trends 2021"}], "showSubtechniques": true},
{"techniqueID": "T1003.003", "score": 3, "metadata": [{"name": "Group", "value": "FireEye Mandiant - M-Trends 2021"}]},
{"techniqueID": "T1218.011", "score": 1, "metadata": [{"name": "Group", "value": "FireEye Mandiant - M-Trends 2021"}]},
{"techniqueID": "T1036.005", "score": 1, "metadata": [{"name": "Group", "value": "FireEye Mandiant - M-Trends 2021"}]},
{"techniqueID": "T1555", "score": 2, "metadata": [{"name": "Group", "value": "FireEye Mandiant - M-Trends 2021"}], "showSubtechniques": true},
{"techniqueID": "T1218.003", "score": 1, "metadata": [{"name": "Group", "value": "FireEye Mandiant - M-Trends 2021"}]},
{"techniqueID": "T1573", "score": 16, "metadata": [{"name": "Group", "value": "FireEye Mandiant - M-Trends 2021"}], "showSubtechniques": true},
{"techniqueID": "T1016", "score": 13, "metadata": [{"name": "Group", "value": "FireEye Mandiant - M-Trends 2021"}], "showSubtechniques": false},
{"techniqueID": "T1070.004", "score": 18, "metadata": [{"name": "Group", "value": "FireEye Mandiant - M-Trends 2021"}]},
{"techniqueID": "T1547.001", "score": 4, "metadata": [{"name": "Group", "value": "FireEye Mandiant - M-Trends 2021"}]},
{"techniqueID": "T1127", "score": 1, "metadata": [{"name": "Group", "value": "FireEye Mandiant - M-Trends 2021"}], "showSubtechniques": true},
{"techniqueID": "T1563.002", "score": 1, "metadata": [{"name": "Group", "value": "FireEye Mandiant - M-Trends 2021"}]},
{"techniqueID": "T1055.012", "score": 1, "metadata": [{"name": "Group", "value": "FireEye Mandiant - M-Trends 2021"}]},
{"techniqueID": "T1069.003", "score": 1, "metadata": [{"name": "Group", "value": "FireEye Mandiant - M-Trends 2021"}]},
{"techniqueID": "T1558.003", "score": 1, "metadata": [{"name": "Group", "value": "FireEye Mandiant - M-Trends 2021"}]},
{"techniqueID": "T1071.002", "score": 1, "metadata": [{"name": "Group", "value": "FireEye Mandiant - M-Trends 2021"}]},
{"techniqueID": "T1547.009", "score": 1, "metadata": [{"name": "Group", "value": "FireEye Mandiant - M-Trends 2021"}]},
{"techniqueID": "T1574.002", "score": 2, "metadata": [{"name": "Group", "value": "FireEye Mandiant - M-Trends 2021"}]},
{"techniqueID": "T1056.001", "score": 5, "metadata": [{"name": "Group", "value": "FireEye Mandiant - M-Trends 2021"}]},
{"techniqueID": "T1550.003", "score": 1, "metadata": [{"name": "Group", "value": "FireEye Mandiant - M-Trends 2021"}]},
{"techniqueID": "T1566", "score": 14, "metadata": [{"name": "Group", "value": "FireEye Mandiant - M-Trends 2021"}], "showSubtechniques": true},
{"techniqueID": "T1123", "score": 1, "metadata": [{"name": "Group", "value": "FireEye Mandiant - M-Trends 2021"}], "showSubtechniques": false},
{"techniqueID": "T1565", "score": 2, "metadata": [{"name": "Group", "value": "FireEye Mandiant - M-Trends 2021"}], "showSubtechniques": true},
{"techniqueID": "T1565.001", "score": 2, "metadata": [{"name": "Group", "value": "FireEye Mandiant - M-Trends 2021"}]},
{"techniqueID": "T1091", "score": 1, "metadata": [{"name": "Group", "value": "FireEye Mandiant - M-Trends 2021"}], "showSubtechniques": false},
{"techniqueID": "T1134", "score": 6, "metadata": [{"name": "Group", "value": "FireEye Mandiant - M-Trends 2021"}], "showSubtechniques": true},
{"techniqueID": "T1113", "score": 3, "metadata": [{"name": "Group", "value": "FireEye Mandiant - M-Trends 2021"}], "showSubtechniques": false},
{"techniqueID": "T1573.002", "score": 16, "metadata": [{"name": "Group", "value": "FireEye Mandiant - M-Trends 2021"}]},
{"techniqueID": "T1021.001", "score": 25, "metadata": [{"name": "Group", "value": "FireEye Mandiant - M-Trends 2021"}]},
{"techniqueID": "T1087.002", "score": 1, "metadata": [{"name": "Group", "value": "FireEye Mandiant - M-Trends 2021"}]},
{"techniqueID": "T1568", "score": 1, "metadata": [{"name": "Group", "value": "FireEye Mandiant - M-Trends 2021"}], "showSubtechniques": true},
{"techniqueID": "T1053.005", "score": 7, "metadata": [{"name": "Group", "value": "FireEye Mandiant - M-Trends 2021"}]},
{"techniqueID": "T1560.002", "score": 2, "metadata": [{"name": "Group", "value": "FireEye Mandiant - M-Trends 2021"}]},
{"techniqueID": "T1553", "score": 21, "metadata": [{"name": "Group", "value": "FireEye Mandiant - M-Trends 2021"}], "showSubtechniques": true},
{"techniqueID": "T1566.002", "score": 7, "metadata": [{"name": "Group", "value": "FireEye Mandiant - M-Trends 2021"}]},
{"techniqueID": "T1055.003", "score": 1, "metadata": [{"name": "Group", "value": "FireEye Mandiant - M-Trends 2021"}]},
{"techniqueID": "T1012", "score": 13, "metadata": [{"name": "Group", "value": "FireEye Mandiant - M-Trends 2021"}], "showSubtechniques": false},
{"techniqueID": "T1106", "score": 1, "metadata": [{"name": "Group", "value": "FireEye Mandiant - M-Trends 2021"}], "showSubtechniques": false},
{"techniqueID": "T1070.005", "score": 1, "metadata": [{"name": "Group", "value": "FireEye Mandiant - M-Trends 2021"}]},
{"techniqueID": "T1568.002", "score": 1, "metadata": [{"name": "Group", "value": "FireEye Mandiant - M-Trends 2021"}]},
{"techniqueID": "T1574", "score": 3, "metadata": [{"name": "Group", "value": "FireEye Mandiant - M-Trends 2021"}], "showSubtechniques": true},
{"techniqueID": "T1027.005", "score": 1, "metadata": [{"name": "Group", "value": "FireEye Mandiant - M-Trends 2021"}]},
{"techniqueID": "T1195.002", "score": 1, "metadata": [{"name": "Group", "value": "FireEye Mandiant - M-Trends 2021"}]},
{"techniqueID": "T1211", "score": 1, "metadata": [{"name": "Group", "value": "FireEye Mandiant - M-Trends 2021"}], "showSubtechniques": false},
{"techniqueID": "T1007", "score": 5, "metadata": [{"name": "Group", "value": "FireEye Mandiant - M-Trends 2021"}], "showSubtechniques": false},
{"techniqueID": "T1056", "score": 5, "metadata": [{"name": "Group", "value": "FireEye Mandiant - M-Trends 2021"}], "showSubtechniques": true},
{"techniqueID": "T1195", "score": 1, "metadata": [{"name": "Group", "value": "FireEye Mandiant - M-Trends 2021"}], "showSubtechniques": true},
{"techniqueID": "T1199", "score": 3, "metadata": [{"name": "Group", "value": "FireEye Mandiant - M-Trends 2021"}], "showSubtechniques": false},
{"techniqueID": "T1047", "score": 3, "metadata": [{"name": "Group", "value": "FireEye Mandiant - M-Trends 2021"}], "showSubtechniques": false},
{"techniqueID": "T1135", "score": 1, "metadata": [{"name": "Group", "value": "FireEye Mandiant - M-Trends 2021"}], "showSubtechniques": false},
{"techniqueID": "T1003.008", "score": 1, "metadata": [{"name": "Group", "value": "FireEye Mandiant - M-Trends 2021"}]},
{"techniqueID": "T1046", "score": 2, "metadata": [{"name": "Group", "value": "FireEye Mandiant - M-Trends 2021"}], "showSubtechniques": false},
{"techniqueID": "T1574.008", "score": 1, "metadata": [{"name": "Group", "value": "FireEye Mandiant - M-Trends 2021"}]},
{"techniqueID": "T1542.003", "score": 1, "metadata": [{"name": "Group", "value": "FireEye Mandiant - M-Trends 2021"}]},
{"techniqueID": "T1027.003", "score": 1, "metadata": [{"name": "Group", "value": "FireEye Mandiant - M-Trends 2021"}]},
{"techniqueID": "T1574.001", "score": 2, "metadata": [{"name": "Group", "value": "FireEye Mandiant - M-Trends 2021"}]},
{"techniqueID": "T1555.003", "score": 1, "metadata": [{"name": "Group", "value": "FireEye Mandiant - M-Trends 2021"}]},
{"techniqueID": "T1213.002", "score": 1, "metadata": [{"name": "Group", "value": "FireEye Mandiant - M-Trends 2021"}]},
{"techniqueID": "T1534", "score": 1, "metadata": [{"name": "Group", "value": "FireEye Mandiant - M-Trends 2021"}], "showSubtechniques": false},
{"techniqueID": "T1112", "score": 16, "metadata": [{"name": "Group", "value": "FireEye Mandiant - M-Trends 2021"}], "showSubtechniques": false},
{"techniqueID": "T1547", "score": 4, "metadata": [{"name": "Group", "value": "FireEye Mandiant - M-Trends 2021"}], "showSubtechniques": true},
{"techniqueID": "T1136.002", "score": 1, "metadata": [{"name": "Group", "value": "FireEye Mandiant - M-Trends 2021"}]},
{"techniqueID": "T1539", "score": 1, "metadata": [{"name": "Group", "value": "FireEye Mandiant - M-Trends 2021"}], "showSubtechniques": false},
{"techniqueID": "T1484", "score": 1, "metadata": [{"name": "Group", "value": "FireEye Mandiant - M-Trends 2021"}], "showSubtechniques": true},
{"techniqueID": "T1583", "score": 8, "metadata": [{"name": "Group", "value": "FireEye Mandiant - M-Trends 2021"}], "showSubtechniques": true},
{"techniqueID": "T1584", "score": 5, "metadata": [{"name": "Group", "value": "FireEye Mandiant - M-Trends 2021"}], "showSubtechniques": false},
{"techniqueID": "T1098", "score": 9, "metadata": [{"name": "Group", "value": "FireEye Mandiant - M-Trends 2021"}], "showSubtechniques": false},
{"techniqueID": "T1552.004", "score": 1, "metadata": [{"name": "Group", "value": "FireEye Mandiant - M-Trends 2021"}]},
{"techniqueID": "T1021.002", "score": 4, "metadata": [{"name": "Group", "value": "FireEye Mandiant - M-Trends 2021"}]},
{"techniqueID": "T1588", "score": 21, "metadata": [{"name": "Group", "value": "FireEye Mandiant - M-Trends 2021"}], "showSubtechniques": true},
{"techniqueID": "T1484.001", "score": 1, "metadata": [{"name": "Group", "value": "FireEye Mandiant - M-Trends 2021"}]},
{"techniqueID": "T1567", "score": 1, "metadata": [{"name": "Group", "value": "FireEye Mandiant - M-Trends 2021"}], "showSubtechniques": false},
{"techniqueID": "T1033", "score": 10, "metadata": [{"name": "Group", "value": "FireEye Mandiant - M-Trends 2021"}], "showSubtechniques": false},
{"techniqueID": "T1071", "score": 10, "metadata": [{"name": "Group", "value": "FireEye Mandiant - M-Trends 2021"}], "showSubtechniques": true},
{"techniqueID": "T1036.003", "score": 1, "metadata": [{"name": "Group", "value": "FireEye Mandiant - M-Trends 2021"}]},
{"techniqueID": "T1021", "score": 28, "metadata": [{"name": "Group", "value": "FireEye Mandiant - M-Trends 2021"}], "showSubtechniques": true},
{"techniqueID": "T1021.004", "score": 3, "metadata": [{"name": "Group", "value": "FireEye Mandiant - M-Trends 2021"}]},
{"techniqueID": "T1505.003", "score": 12, "metadata": [{"name": "Group", "value": "FireEye Mandiant - M-Trends 2021"}]},
{"techniqueID": "T1505", "score": 12, "metadata": [{"name": "Group", "value": "FireEye Mandiant - M-Trends 2021"}], "showSubtechniques": true},
{"techniqueID": "T1102", "score": 1, "metadata": [{"name": "Group", "value": "FireEye Mandiant - M-Trends 2021"}], "showSubtechniques": false},
{"techniqueID": "T1074", "score": 1, "metadata": [{"name": "Group", "value": "FireEye Mandiant - M-Trends 2021"}], "showSubtechniques": false},
{"techniqueID": "T1595", "score": 1, "metadata": [{"name": "Group", "value": "FireEye Mandiant - M-Trends 2021"}], "showSubtechniques": false},
{"techniqueID": "T1055", "score": 18, "metadata": [{"name": "Group", "value": "FireEye Mandiant - M-Trends 2021"}], "showSubtechniques": true},
{"techniqueID": "T1114", "score": 3, "metadata": [{"name": "Group", "value": "FireEye Mandiant - M-Trends 2021"}], "showSubtechniques": true},
{"techniqueID": "T1003", "score": 9, "metadata": [{"name": "Group", "value": "FireEye Mandiant - M-Trends 2021"}], "showSubtechniques": true},
{"techniqueID": "T1027.004", "score": 1, "metadata": [{"name": "Group", "value": "FireEye Mandiant - M-Trends 2021"}]},
{"techniqueID": "T1580", "score": 1, "metadata": [{"name": "Group", "value": "FireEye Mandiant - M-Trends 2021"}], "showSubtechniques": false},
{"techniqueID": "T1021.003", "score": 1, "metadata": [{"name": "Group", "value": "FireEye Mandiant - M-Trends 2021"}]},
{"techniqueID": "T1546.003", "score": 1, "metadata": [{"name": "Group", "value": "FireEye Mandiant - M-Trends 2021"}]},
{"techniqueID": "T1553.002", "score": 21, "metadata": [{"name": "Group", "value": "FireEye Mandiant - M-Trends 2021"}]},
{"techniqueID": "T1070", "score": 24, "metadata": [{"name": "Group", "value": "FireEye Mandiant - M-Trends 2021"}], "showSubtechniques": true},
{"techniqueID": "T1027.002", "score": 8, "metadata": [{"name": "Group", "value": "FireEye Mandiant - M-Trends 2021"}]},
{"techniqueID": "T1562", "score": 10, "metadata": [{"name": "Group", "value": "FireEye Mandiant - M-Trends 2021"}], "showSubtechniques": true},
{"techniqueID": "T1003.002", "score": 1, "metadata": [{"name": "Group", "value": "FireEye Mandiant - M-Trends 2021"}]},
{"techniqueID": "T1543", "score": 9, "metadata": [{"name": "Group", "value": "FireEye Mandiant - M-Trends 2021"}], "showSubtechniques": true},
{"techniqueID": "T1203", "score": 5, "metadata": [{"name": "Group", "value": "FireEye Mandiant - M-Trends 2021"}], "showSubtechniques": false},
{"techniqueID": "T1110", "score": 6, "metadata": [{"name": "Group", "value": "FireEye Mandiant - M-Trends 2021"}], "showSubtechniques": true},
{"techniqueID": "T1090", "score": 5, "metadata": [{"name": "Group", "value": "FireEye Mandiant - M-Trends 2021"}], "showSubtechniques": true},
{"techniqueID": "T1218.010", "score": 1, "metadata": [{"name": "Group", "value": "FireEye Mandiant - M-Trends 2021"}]},
{"techniqueID": "T1552", "score": 1, "metadata": [{"name": "Group", "value": "FireEye Mandiant - M-Trends 2021"}], "showSubtechniques": true},
{"techniqueID": "T1204.001", "score": 7, "metadata": [{"name": "Group", "value": "FireEye Mandiant - M-Trends 2021"}]},
{"techniqueID": "T1010", "score": 2, "metadata": [{"name": "Group", "value": "FireEye Mandiant - M-Trends 2021"}], "showSubtechniques": false},
{"techniqueID": "T1059.006", "score": 1, "metadata": [{"name": "Group", "value": "FireEye Mandiant - M-Trends 2021"}]},
{"techniqueID": "T1059.001", "score": 41, "metadata": [{"name": "Group", "value": "FireEye Mandiant - M-Trends 2021"}]},
{"techniqueID": "T1059", "score": 51, "metadata": [{"name": "Group", "value": "FireEye Mandiant - M-Trends 2021"}], "showSubtechniques": true},
{"techniqueID": "T1496", "score": 2, "metadata": [{"name": "Group", "value": "FireEye Mandiant - M-Trends 2021"}], "showSubtechniques": false},
{"techniqueID": "T1548", "score": 1, "metadata": [{"name": "Group", "value": "FireEye Mandiant - M-Trends 2021"}], "showSubtechniques": true},
{"techniqueID": "T1572", "score": 5, "metadata": [{"name": "Group", "value": "FireEye Mandiant - M-Trends 2021"}], "showSubtechniques": false},
{"techniqueID": "T1546.011", "score": 1, "metadata": [{"name": "Group", "value": "FireEye Mandiant - M-Trends 2021"}]},
{"techniqueID": "T1571", "score": 1, "metadata": [{"name": "Group", "value": "FireEye Mandiant - M-Trends 2021"}], "showSubtechniques": false},
{"techniqueID": "T1587", "score": 1, "metadata": [{"name": "Group", "value": "FireEye Mandiant - M-Trends 2021"}], "showSubtechniques": true},
{"techniqueID": "T1587.003", "score": 1, "metadata": [{"name": "Group", "value": "FireEye Mandiant - M-Trends 2021"}]},
{"techniqueID": "T1082", "score": 24, "metadata": [{"name": "Group", "value": "FireEye Mandiant - M-Trends 2021"}], "showSubtechniques": false},
{"techniqueID": "T1001", "score": 1, "metadata": [{"name": "Group", "value": "FireEye Mandiant - M-Trends 2021"}], "showSubtechniques": false},
{"techniqueID": "T1213", "score": 4, "metadata": [{"name": "Group", "value": "FireEye Mandiant - M-Trends 2021"}], "showSubtechniques": true},
{"techniqueID": "T1071.003", "score": 1, "metadata": [{"name": "Group", "value": "FireEye Mandiant - M-Trends 2021"}]},
{"techniqueID": "T1021.006", "score": 1, "metadata": [{"name": "Group", "value": "FireEye Mandiant - M-Trends 2021"}]},
{"techniqueID": "T1204", "score": 12, "metadata": [{"name": "Group", "value": "FireEye Mandiant - M-Trends 2021"}], "showSubtechniques": true},
{"techniqueID": "T1095", "score": 13, "metadata": [{"name": "Group", "value": "FireEye Mandiant - M-Trends 2021"}], "showSubtechniques": false},
{"techniqueID": "T1136.001", "score": 1, "metadata": [{"name": "Group", "value": "FireEye Mandiant - M-Trends 2021"}]},
{"techniqueID": "T1552.001", "score": 1, "metadata": [{"name": "Group", "value": "FireEye Mandiant - M-Trends 2021"}]},
{"techniqueID": "T1491", "score": 1, "metadata": [{"name": "Group", "value": "FireEye Mandiant - M-Trends 2021"}], "showSubtechniques": true},
{"techniqueID": "T1115", "score": 3, "metadata": [{"name": "Group", "value": "FireEye Mandiant - M-Trends 2021"}], "showSubtechniques": false}], "showTacticRowBackground": false, "tacticRowBackground": "#dddddd", "selectTechniquesAcrossTactics": true, "gradient": {"colors": ["#ffcece", "#ff0000"], "minValue": 0, "maxValue": 53},
"legendItems": [{"label": "Tech. not often used", "color": "#ffcece"},
{"label": "Tech. used frequently", "color": "#ff0000"},
{"label": "Groups overlay: tech. in group + overlay", "color": "#f9a825"},
{"label": "Groups overlay: tech. in overlay", "color": "#ffee58"},
{"label": "Src. of tech. is only software", "color": "#0d47a1 "},
{"label": "Src. of tech. is group(s)/overlay + software", "color": "#64b5f6 "}]}