{"name": "Attack - Windows", "version": "2.2", "domain": "mitre-enterprise", "description": "stage: attack | platform(s): Windows | group(s): Top 10 techniques Red Canary detected against the retail sector in 2019 | overlay group(s): ", "filters": {"stages": ["act"], "platforms": ["Windows"]},
"sorting": 3, "viewMode": 0, "hideDisable": false, "techniques": [{"techniqueID": "T1036", "score": 10, "metadata": [{"name": "-Groups", "value": "Top 10 techniques Red Canary detected against the retail sector in 2019"}]},
{"techniqueID": "T1070", "score": 7, "metadata": [{"name": "-Groups", "value": "Top 10 techniques Red Canary detected against the retail sector in 2019"}]},
{"techniqueID": "T1107", "score": 6, "metadata": [{"name": "-Groups", "value": "Top 10 techniques Red Canary detected against the retail sector in 2019"}]},
{"techniqueID": "T1088", "score": 5, "metadata": [{"name": "-Groups", "value": "Top 10 techniques Red Canary detected against the retail sector in 2019"}]},
{"techniqueID": "T1060", "score": 1, "metadata": [{"name": "-Groups", "value": "Top 10 techniques Red Canary detected against the retail sector in 2019"}]},
{"techniqueID": "T1053", "score": 4, "metadata": [{"name": "-Groups", "value": "Top 10 techniques Red Canary detected against the retail sector in 2019"}]},
{"techniqueID": "T1089", "score": 8, "metadata": [{"name": "-Groups", "value": "Top 10 techniques Red Canary detected against the retail sector in 2019"}]},
{"techniqueID": "T1193", "score": 3, "metadata": [{"name": "-Groups", "value": "Top 10 techniques Red Canary detected against the retail sector in 2019"}]},
{"techniqueID": "T1086", "score": 9, "metadata": [{"name": "-Groups", "value": "Top 10 techniques Red Canary detected against the retail sector in 2019"}]},
{"techniqueID": "T1035", "score": 2, "metadata": [{"name": "-Groups", "value": "Top 10 techniques Red Canary detected against the retail sector in 2019"}]}], "showTacticRowBackground": false, "tacticRowBackground": "#dddddd", "selectTechniquesAcrossTactics": true, "gradient": {"colors": ["#ffcece", "#ff0000"], "minValue": 0, "maxValue": 10},
"legendItems": [{"label": "Tech. not often used", "color": "#ffcece"},
{"label": "Tech. used frequently", "color": "#ff0000"},
{"label": "Groups overlay: tech. in group + overlay", "color": "#f9a825"},
{"label": "Groups overlay: tech. in overlay", "color": "#ffee58"},
{"label": "Src. of tech. is only software", "color": "#0d47a1 "},
{"label": "Src. of tech. is group(s)/overlay + software", "color": "#64b5f6 "}]}