{"name": "Red Canary 2019 - overall", "version": "2.2", "domain": "mitre-enterprise", "description": "stage: attack | platform(s): Windows, Linux, macOS  | group(s): Red Canary Threat Detection Report 2019 (1st edition) - overall | overlay group(s): ", "filters": {"stages": ["act"], "platforms": ["Windows", "Linux", "macOS"]},
"sorting": 3, "viewMode": 0, "hideDisable": false, "techniques": [{"techniqueID": "T1197", "score": 62, "metadata": [{"name": "-Groups", "value": "Red Canary Threat Detection Report 2019 (1st edition) - overall"}]},
{"techniqueID": "T1069", "score": 27, "metadata": [{"name": "-Groups", "value": "Red Canary Threat Detection Report 2019 (1st edition) - overall"}]},
{"techniqueID": "T1087", "score": 289, "metadata": [{"name": "-Groups", "value": "Red Canary Threat Detection Report 2019 (1st edition) - overall"}]},
{"techniqueID": "T1118", "score": 15, "metadata": [{"name": "-Groups", "value": "Red Canary Threat Detection Report 2019 (1st edition) - overall"}]},
{"techniqueID": "T1140", "score": 52, "metadata": [{"name": "-Groups", "value": "Red Canary Threat Detection Report 2019 (1st edition) - overall"}]},
{"techniqueID": "T1053", "score": 232, "metadata": [{"name": "-Groups", "value": "Red Canary Threat Detection Report 2019 (1st edition) - overall"}]},
{"techniqueID": "T1048", "score": 18, "metadata": [{"name": "-Groups", "value": "Red Canary Threat Detection Report 2019 (1st edition) - overall"}]},
{"techniqueID": "T1002", "score": 20, "metadata": [{"name": "-Groups", "value": "Red Canary Threat Detection Report 2019 (1st edition) - overall"}]},
{"techniqueID": "T1420", "score": 27, "metadata": [{"name": "-Groups", "value": "Red Canary Threat Detection Report 2019 (1st edition) - overall"}]},
{"techniqueID": "T1088", "score": 45, "metadata": [{"name": "-Groups", "value": "Red Canary Threat Detection Report 2019 (1st edition) - overall"}]},
{"techniqueID": "T1028", "score": 25, "metadata": [{"name": "-Groups", "value": "Red Canary Threat Detection Report 2019 (1st edition) - overall"}]},
{"techniqueID": "T1070", "score": 45, "metadata": [{"name": "-Groups", "value": "Red Canary Threat Detection Report 2019 (1st edition) - overall"}]},
{"techniqueID": "T1090", "score": 607, "metadata": [{"name": "-Groups", "value": "Red Canary Threat Detection Report 2019 (1st edition) - overall"}]},
{"techniqueID": "T1015", "score": 252, "metadata": [{"name": "-Groups", "value": "Red Canary Threat Detection Report 2019 (1st edition) - overall"}]},
{"techniqueID": "T1047", "score": 200, "metadata": [{"name": "-Groups", "value": "Red Canary Threat Detection Report 2019 (1st edition) - overall"}]},
{"techniqueID": "T1068", "score": 13, "metadata": [{"name": "-Groups", "value": "Red Canary Threat Detection Report 2019 (1st edition) - overall"}]},
{"techniqueID": "T1170", "score": 32, "metadata": [{"name": "-Groups", "value": "Red Canary Threat Detection Report 2019 (1st edition) - overall"}]},
{"techniqueID": "T1074", "score": 39, "metadata": [{"name": "-Groups", "value": "Red Canary Threat Detection Report 2019 (1st edition) - overall"}]},
{"techniqueID": "T1117", "score": 710, "metadata": [{"name": "-Groups", "value": "Red Canary Threat Detection Report 2019 (1st edition) - overall"}]},
{"techniqueID": "T1060", "score": 378, "metadata": [{"name": "-Groups", "value": "Red Canary Threat Detection Report 2019 (1st edition) - overall"}]},
{"techniqueID": "T1121", "score": 13, "metadata": [{"name": "-Groups", "value": "Red Canary Threat Detection Report 2019 (1st edition) - overall"}]},
{"techniqueID": "T1100", "score": 30, "metadata": [{"name": "-Groups", "value": "Red Canary Threat Detection Report 2019 (1st edition) - overall"}]},
{"techniqueID": "T1127", "score": 29, "metadata": [{"name": "-Groups", "value": "Red Canary Threat Detection Report 2019 (1st edition) - overall"}]},
{"techniqueID": "T1003", "score": 405, "metadata": [{"name": "-Groups", "value": "Red Canary Threat Detection Report 2019 (1st edition) - overall"}]},
{"techniqueID": "T1193", "score": 424, "metadata": [{"name": "-Groups", "value": "Red Canary Threat Detection Report 2019 (1st edition) - overall"}]},
{"techniqueID": "T1146", "score": 27, "metadata": [{"name": "-Groups", "value": "Red Canary Threat Detection Report 2019 (1st edition) - overall"}]},
{"techniqueID": "T1105", "score": 71, "metadata": [{"name": "-Groups", "value": "Red Canary Threat Detection Report 2019 (1st edition) - overall"}]},
{"techniqueID": "T1089", "score": 313, "metadata": [{"name": "-Groups", "value": "Red Canary Threat Detection Report 2019 (1st edition) - overall"}]},
{"techniqueID": "T1204", "score": 57, "metadata": [{"name": "-Groups", "value": "Red Canary Threat Detection Report 2019 (1st edition) - overall"}]},
{"techniqueID": "T1218", "score": 18, "metadata": [{"name": "-Groups", "value": "Red Canary Threat Detection Report 2019 (1st edition) - overall"}]},
{"techniqueID": "T1077", "score": 116, "metadata": [{"name": "-Groups", "value": "Red Canary Threat Detection Report 2019 (1st edition) - overall"}]},
{"techniqueID": "T1059", "score": 294, "metadata": [{"name": "-Groups", "value": "Red Canary Threat Detection Report 2019 (1st edition) - overall"}]},
{"techniqueID": "T1085", "score": 372, "metadata": [{"name": "-Groups", "value": "Red Canary Threat Detection Report 2019 (1st edition) - overall"}]},
{"techniqueID": "T1086", "score": 1774, "metadata": [{"name": "-Groups", "value": "Red Canary Threat Detection Report 2019 (1st edition) - overall"}]},
{"techniqueID": "T1055", "score": 156, "metadata": [{"name": "-Groups", "value": "Red Canary Threat Detection Report 2019 (1st edition) - overall"}]},
{"techniqueID": "T1097", "score": 86, "metadata": [{"name": "-Groups", "value": "Red Canary Threat Detection Report 2019 (1st edition) - overall"}]},
{"techniqueID": "T1035", "score": 336, "metadata": [{"name": "-Groups", "value": "Red Canary Threat Detection Report 2019 (1st edition) - overall"}]},
{"techniqueID": "T1064", "score": 794, "metadata": [{"name": "-Groups", "value": "Red Canary Threat Detection Report 2019 (1st edition) - overall"}]},
{"techniqueID": "T1036", "score": 419, "metadata": [{"name": "-Groups", "value": "Red Canary Threat Detection Report 2019 (1st edition) - overall"}]},
{"techniqueID": "T1027", "score": 121, "metadata": [{"name": "-Groups", "value": "Red Canary Threat Detection Report 2019 (1st edition) - overall"}]}], "showTacticRowBackground": false, "tacticRowBackground": "#dddddd", "selectTechniquesAcrossTactics": true, "gradient": {"colors": ["#ffcece", "#ff0000"], "minValue": 0, "maxValue": 1774},
"legendItems": [{"label": "Tech. not often used", "color": "#ffcece"},
{"label": "Tech. used frequently", "color": "#ff0000"},
{"label": "Groups overlay: tech. in group + overlay", "color": "#f9a825"},
{"label": "Groups overlay: tech. in overlay", "color": "#ffee58"},
{"label": "Src. of tech. is only software", "color": "#0d47a1 "},
{"label": "Src. of tech. is group(s)/overlay + software", "color": "#64b5f6 "}]}