{"name": "Red Canary 2019 - energy", "version": "2.2", "domain": "mitre-enterprise", "description": "stage: attack | platform(s): Windows, Linux, macOS  | group(s): Red Canary Threat Detection Report 2019 (1st edition) - energy | overlay group(s): ", "filters": {"stages": ["act"], "platforms": ["Windows", "Linux", "macOS"]},
"sorting": 3, "viewMode": 0, "hideDisable": false, "techniques": [{"techniqueID": "T1059", "score": 1, "metadata": [{"name": "-Groups", "value": "Red Canary Threat Detection Report 2019 (1st edition) - energy"}]},
{"techniqueID": "T1085", "score": 1, "metadata": [{"name": "-Groups", "value": "Red Canary Threat Detection Report 2019 (1st edition) - energy"}]},
{"techniqueID": "T1047", "score": 1, "metadata": [{"name": "-Groups", "value": "Red Canary Threat Detection Report 2019 (1st edition) - energy"}]},
{"techniqueID": "T1003", "score": 1, "metadata": [{"name": "-Groups", "value": "Red Canary Threat Detection Report 2019 (1st edition) - energy"}]},
{"techniqueID": "T1086", "score": 1, "metadata": [{"name": "-Groups", "value": "Red Canary Threat Detection Report 2019 (1st edition) - energy"}]},
{"techniqueID": "T1193", "score": 1, "metadata": [{"name": "-Groups", "value": "Red Canary Threat Detection Report 2019 (1st edition) - energy"}]},
{"techniqueID": "T1036", "score": 1, "metadata": [{"name": "-Groups", "value": "Red Canary Threat Detection Report 2019 (1st edition) - energy"}]},
{"techniqueID": "T1035", "score": 1, "metadata": [{"name": "-Groups", "value": "Red Canary Threat Detection Report 2019 (1st edition) - energy"}]},
{"techniqueID": "T1097", "score": 1, "metadata": [{"name": "-Groups", "value": "Red Canary Threat Detection Report 2019 (1st edition) - energy"}]},
{"techniqueID": "T1064", "score": 1, "metadata": [{"name": "-Groups", "value": "Red Canary Threat Detection Report 2019 (1st edition) - energy"}]}], "showTacticRowBackground": false, "tacticRowBackground": "#dddddd", "selectTechniquesAcrossTactics": true, "gradient": {"colors": ["#ffcece", "#ff0000"], "minValue": 0, "maxValue": 1},
"legendItems": [{"label": "Tech. not often used", "color": "#ffcece"},
{"label": "Tech. used frequently", "color": "#ff0000"},
{"label": "Groups overlay: tech. in group + overlay", "color": "#f9a825"},
{"label": "Groups overlay: tech. in overlay", "color": "#ffee58"},
{"label": "Src. of tech. is only software", "color": "#0d47a1 "},
{"label": "Src. of tech. is group(s)/overlay + software", "color": "#64b5f6 "}]}