{"name": "Attack - all", "version": "2.2", "domain": "mitre-enterprise", "description": "stage: attack | platform(s): all | group(s): Summary of Tradecraft Trends for 2019-2020: TTPs Used to Target Australian Networks | overlay group(s): ", "filters": {"stages": ["act"], "platforms": ["Windows", "Linux", "macOS", "AWS", "GCP", "Azure", "Azure AD", "Office 365", "SaaS"]},
"sorting": 3, "viewMode": 0, "hideDisable": false, "techniques": [{"techniqueID": "T1007", "score": 1, "metadata": [{"name": "-Groups", "value": "Summary of Tradecraft Trends for 2019-2020: TTPs Used to Target Australian Networks"}]},
{"techniqueID": "T1060", "score": 1, "metadata": [{"name": "-Groups", "value": "Summary of Tradecraft Trends for 2019-2020: TTPs Used to Target Australian Networks"}]},
{"techniqueID": "T1482", "score": 1, "metadata": [{"name": "-Groups", "value": "Summary of Tradecraft Trends for 2019-2020: TTPs Used to Target Australian Networks"}]},
{"techniqueID": "T1134", "score": 1, "metadata": [{"name": "-Groups", "value": "Summary of Tradecraft Trends for 2019-2020: TTPs Used to Target Australian Networks"}]},
{"techniqueID": "T1158", "score": 1, "metadata": [{"name": "-Groups", "value": "Summary of Tradecraft Trends for 2019-2020: TTPs Used to Target Australian Networks"}]},
{"techniqueID": "T1003", "score": 1, "metadata": [{"name": "-Groups", "value": "Summary of Tradecraft Trends for 2019-2020: TTPs Used to Target Australian Networks"}]},
{"techniqueID": "T1099", "score": 1, "metadata": [{"name": "-Groups", "value": "Summary of Tradecraft Trends for 2019-2020: TTPs Used to Target Australian Networks"}]},
{"techniqueID": "T1189", "score": 1, "metadata": [{"name": "-Groups", "value": "Summary of Tradecraft Trends for 2019-2020: TTPs Used to Target Australian Networks"}]},
{"techniqueID": "T1504", "score": 1, "metadata": [{"name": "-Groups", "value": "Summary of Tradecraft Trends for 2019-2020: TTPs Used to Target Australian Networks"}]},
{"techniqueID": "T1033", "score": 1, "metadata": [{"name": "-Groups", "value": "Summary of Tradecraft Trends for 2019-2020: TTPs Used to Target Australian Networks"}]},
{"techniqueID": "T1046", "score": 1, "metadata": [{"name": "-Groups", "value": "Summary of Tradecraft Trends for 2019-2020: TTPs Used to Target Australian Networks"}]},
{"techniqueID": "T1049", "score": 1, "metadata": [{"name": "-Groups", "value": "Summary of Tradecraft Trends for 2019-2020: TTPs Used to Target Australian Networks"}]},
{"techniqueID": "T1071", "score": 1, "metadata": [{"name": "-Groups", "value": "Summary of Tradecraft Trends for 2019-2020: TTPs Used to Target Australian Networks"}]},
{"techniqueID": "T1080", "score": 1, "metadata": [{"name": "-Groups", "value": "Summary of Tradecraft Trends for 2019-2020: TTPs Used to Target Australian Networks"}]},
{"techniqueID": "T1114", "score": 1, "metadata": [{"name": "-Groups", "value": "Summary of Tradecraft Trends for 2019-2020: TTPs Used to Target Australian Networks"}]},
{"techniqueID": "T1064", "score": 1, "metadata": [{"name": "-Groups", "value": "Summary of Tradecraft Trends for 2019-2020: TTPs Used to Target Australian Networks"}]},
{"techniqueID": "T1002", "score": 1, "metadata": [{"name": "-Groups", "value": "Summary of Tradecraft Trends for 2019-2020: TTPs Used to Target Australian Networks"}]},
{"techniqueID": "T1059", "score": 1, "metadata": [{"name": "-Groups", "value": "Summary of Tradecraft Trends for 2019-2020: TTPs Used to Target Australian Networks"}]},
{"techniqueID": "T1077", "score": 1, "metadata": [{"name": "-Groups", "value": "Summary of Tradecraft Trends for 2019-2020: TTPs Used to Target Australian Networks"}]},
{"techniqueID": "T1078", "score": 1, "metadata": [{"name": "-Groups", "value": "Summary of Tradecraft Trends for 2019-2020: TTPs Used to Target Australian Networks"}]},
{"techniqueID": "T1021", "score": 1, "metadata": [{"name": "-Groups", "value": "Summary of Tradecraft Trends for 2019-2020: TTPs Used to Target Australian Networks"}]},
{"techniqueID": "T1082", "score": 1, "metadata": [{"name": "-Groups", "value": "Summary of Tradecraft Trends for 2019-2020: TTPs Used to Target Australian Networks"}]},
{"techniqueID": "T1087", "score": 1, "metadata": [{"name": "-Groups", "value": "Summary of Tradecraft Trends for 2019-2020: TTPs Used to Target Australian Networks"}]},
{"techniqueID": "T1018", "score": 1, "metadata": [{"name": "-Groups", "value": "Summary of Tradecraft Trends for 2019-2020: TTPs Used to Target Australian Networks"}]},
{"techniqueID": "T1100", "score": 1, "metadata": [{"name": "-Groups", "value": "Summary of Tradecraft Trends for 2019-2020: TTPs Used to Target Australian Networks"}]},
{"techniqueID": "T1056", "score": 1, "metadata": [{"name": "-Groups", "value": "Summary of Tradecraft Trends for 2019-2020: TTPs Used to Target Australian Networks"}]},
{"techniqueID": "T1070", "score": 1, "metadata": [{"name": "-Groups", "value": "Summary of Tradecraft Trends for 2019-2020: TTPs Used to Target Australian Networks"}]},
{"techniqueID": "T1074", "score": 1, "metadata": [{"name": "-Groups", "value": "Summary of Tradecraft Trends for 2019-2020: TTPs Used to Target Australian Networks"}]},
{"techniqueID": "T1068", "score": 1, "metadata": [{"name": "-Groups", "value": "Summary of Tradecraft Trends for 2019-2020: TTPs Used to Target Australian Networks"}]},
{"techniqueID": "T1045", "score": 1, "metadata": [{"name": "-Groups", "value": "Summary of Tradecraft Trends for 2019-2020: TTPs Used to Target Australian Networks"}]},
{"techniqueID": "T1108", "score": 1, "metadata": [{"name": "-Groups", "value": "Summary of Tradecraft Trends for 2019-2020: TTPs Used to Target Australian Networks"}]},
{"techniqueID": "T1022", "score": 1, "metadata": [{"name": "-Groups", "value": "Summary of Tradecraft Trends for 2019-2020: TTPs Used to Target Australian Networks"}]},
{"techniqueID": "T1135", "score": 1, "metadata": [{"name": "-Groups", "value": "Summary of Tradecraft Trends for 2019-2020: TTPs Used to Target Australian Networks"}]},
{"techniqueID": "T1213", "score": 1, "metadata": [{"name": "-Groups", "value": "Summary of Tradecraft Trends for 2019-2020: TTPs Used to Target Australian Networks"}]},
{"techniqueID": "T1083", "score": 1, "metadata": [{"name": "-Groups", "value": "Summary of Tradecraft Trends for 2019-2020: TTPs Used to Target Australian Networks"}]},
{"techniqueID": "T1193", "score": 1, "metadata": [{"name": "-Groups", "value": "Summary of Tradecraft Trends for 2019-2020: TTPs Used to Target Australian Networks"}]},
{"techniqueID": "T1486", "score": 1, "metadata": [{"name": "-Groups", "value": "Summary of Tradecraft Trends for 2019-2020: TTPs Used to Target Australian Networks"}]},
{"techniqueID": "T1048", "score": 1, "metadata": [{"name": "-Groups", "value": "Summary of Tradecraft Trends for 2019-2020: TTPs Used to Target Australian Networks"}]},
{"techniqueID": "T1016", "score": 1, "metadata": [{"name": "-Groups", "value": "Summary of Tradecraft Trends for 2019-2020: TTPs Used to Target Australian Networks"}]},
{"techniqueID": "T1204", "score": 1, "metadata": [{"name": "-Groups", "value": "Summary of Tradecraft Trends for 2019-2020: TTPs Used to Target Australian Networks"}]},
{"techniqueID": "T1041", "score": 1, "metadata": [{"name": "-Groups", "value": "Summary of Tradecraft Trends for 2019-2020: TTPs Used to Target Australian Networks"}]},
{"techniqueID": "T1107", "score": 1, "metadata": [{"name": "-Groups", "value": "Summary of Tradecraft Trends for 2019-2020: TTPs Used to Target Australian Networks"}]},
{"techniqueID": "T1005", "score": 1, "metadata": [{"name": "-Groups", "value": "Summary of Tradecraft Trends for 2019-2020: TTPs Used to Target Australian Networks"}]},
{"techniqueID": "T1081", "score": 1, "metadata": [{"name": "-Groups", "value": "Summary of Tradecraft Trends for 2019-2020: TTPs Used to Target Australian Networks"}]},
{"techniqueID": "T1039", "score": 1, "metadata": [{"name": "-Groups", "value": "Summary of Tradecraft Trends for 2019-2020: TTPs Used to Target Australian Networks"}]},
{"techniqueID": "T1110", "score": 1, "metadata": [{"name": "-Groups", "value": "Summary of Tradecraft Trends for 2019-2020: TTPs Used to Target Australian Networks"}]},
{"techniqueID": "T1086", "score": 1, "metadata": [{"name": "-Groups", "value": "Summary of Tradecraft Trends for 2019-2020: TTPs Used to Target Australian Networks"}]},
{"techniqueID": "T1190", "score": 1, "metadata": [{"name": "-Groups", "value": "Summary of Tradecraft Trends for 2019-2020: TTPs Used to Target Australian Networks"}]},
{"techniqueID": "T1106", "score": 1, "metadata": [{"name": "-Groups", "value": "Summary of Tradecraft Trends for 2019-2020: TTPs Used to Target Australian Networks"}]}], "showTacticRowBackground": false, "tacticRowBackground": "#dddddd", "selectTechniquesAcrossTactics": true, "gradient": {"colors": ["#ffcece", "#ff0000"], "minValue": 0, "maxValue": 1},
"legendItems": [{"label": "Tech. not often used", "color": "#ffcece"},
{"label": "Tech. used frequently", "color": "#ff0000"},
{"label": "Groups overlay: tech. in group + overlay", "color": "#f9a825"},
{"label": "Groups overlay: tech. in overlay", "color": "#ffee58"},
{"label": "Src. of tech. is only software", "color": "#0d47a1 "},
{"label": "Src. of tech. is group(s)/overlay + software", "color": "#64b5f6 "}]}