{"name": "Attack - Windows, Linux, macOS", "versions": {"navigator": "4.1", "layer": "4.1"},
"domain": "enterprise-attack", "description": "stage: attack | platform(s): Windows, Linux, macOS | group(s): RedCanary - 2021 Threat Detection Report | overlay group(s): ", "filters": {"platforms": ["Windows", "Linux", "macOS"]},
"sorting": 3, "layout": {"layout": "flat", "showName": true, "showID": false},
"hideDisable": false, "selectSubtechniquesWithParent": false, "techniques": [{"techniqueID": "T1036", "score": 906, "metadata": [{"name": "Group", "value": "RedCanary - 2021 Threat Detection Report"}], "showSubtechniques": true},
{"techniqueID": "T1055", "score": 1425, "metadata": [{"name": "Group", "value": "RedCanary - 2021 Threat Detection Report"}], "showSubtechniques": false},
{"techniqueID": "T1059.003", "score": 1984, "metadata": [{"name": "Group", "value": "RedCanary - 2021 Threat Detection Report"}]},
{"techniqueID": "T1003", "score": 1554, "metadata": [{"name": "Group", "value": "RedCanary - 2021 Threat Detection Report"}], "showSubtechniques": true},
{"techniqueID": "T1053", "score": 3258, "metadata": [{"name": "Group", "value": "RedCanary - 2021 Threat Detection Report"}], "showSubtechniques": true},
{"techniqueID": "T1569.002", "score": 892, "metadata": [{"name": "Group", "value": "RedCanary - 2021 Threat Detection Report"}]},
{"techniqueID": "T1218", "score": 3755, "metadata": [{"name": "Group", "value": "RedCanary - 2021 Threat Detection Report"}], "showSubtechniques": true},
{"techniqueID": "T1036.003", "score": 624, "metadata": [{"name": "Group", "value": "RedCanary - 2021 Threat Detection Report"}]},
{"techniqueID": "T1003.001", "score": 1447, "metadata": [{"name": "Group", "value": "RedCanary - 2021 Threat Detection Report"}]},
{"techniqueID": "T1218.011", "score": 2380, "metadata": [{"name": "Group", "value": "RedCanary - 2021 Threat Detection Report"}]},
{"techniqueID": "T1027", "score": 1341, "metadata": [{"name": "Group", "value": "RedCanary - 2021 Threat Detection Report"}], "showSubtechniques": false},
{"techniqueID": "T1569", "score": 909, "metadata": [{"name": "Group", "value": "RedCanary - 2021 Threat Detection Report"}], "showSubtechniques": true},
{"techniqueID": "T1543", "score": 3197, "metadata": [{"name": "Group", "value": "RedCanary - 2021 Threat Detection Report"}], "showSubtechniques": true},
{"techniqueID": "T1053.005", "score": 2740, "metadata": [{"name": "Group", "value": "RedCanary - 2021 Threat Detection Report"}]},
{"techniqueID": "T1059.001", "score": 2366, "metadata": [{"name": "Group", "value": "RedCanary - 2021 Threat Detection Report"}]},
{"techniqueID": "T1218.005", "score": 738, "metadata": [{"name": "Group", "value": "RedCanary - 2021 Threat Detection Report"}]},
{"techniqueID": "T1543.003", "score": 3324, "metadata": [{"name": "Group", "value": "RedCanary - 2021 Threat Detection Report"}]},
{"techniqueID": "T1059", "score": 4798, "metadata": [{"name": "Group", "value": "RedCanary - 2021 Threat Detection Report"}], "showSubtechniques": true},
{"techniqueID": "T1105", "score": 1149, "metadata": [{"name": "Group", "value": "RedCanary - 2021 Threat Detection Report"}], "showSubtechniques": false}], "showTacticRowBackground": false, "tacticRowBackground": "#dddddd", "selectTechniquesAcrossTactics": true, "gradient": {"colors": ["#ffcece", "#ff0000"], "minValue": 0, "maxValue": 4798},
"legendItems": [{"label": "Tech. not often used", "color": "#ffcece"},
{"label": "Tech. used frequently", "color": "#ff0000"},
{"label": "Groups overlay: tech. in group + overlay", "color": "#f9a825"},
{"label": "Groups overlay: tech. in overlay", "color": "#ffee58"},
{"label": "Src. of tech. is only software", "color": "#0d47a1 "},
{"label": "Src. of tech. is group(s)/overlay + software", "color": "#64b5f6 "}]}