{"name": "Attack - all", "version": "2.2", "domain": "mitre-enterprise", "description": "stage: attack | platform(s): all | group(s): FireEye M-Trends 2020 | overlay group(s): ", "filters": {"stages": ["act"], "platforms": ["Windows", "Linux", "macOS", "AWS", "GCP", "Azure", "Azure AD", "Office 365", "SaaS"]},
"sorting": 3, "viewMode": 0, "hideDisable": false, "techniques": [{"techniqueID": "T1491", "score": 1, "metadata": [{"name": "-Groups", "value": "FireEye M-Trends 2020"}]},
{"techniqueID": "T1124", "score": 1, "metadata": [{"name": "-Groups", "value": "FireEye M-Trends 2020"}]},
{"techniqueID": "T1093", "score": 1, "metadata": [{"name": "-Groups", "value": "FireEye M-Trends 2020"}]},
{"techniqueID": "T1214", "score": 1, "metadata": [{"name": "-Groups", "value": "FireEye M-Trends 2020"}]},
{"techniqueID": "T1135", "score": 1, "metadata": [{"name": "-Groups", "value": "FireEye M-Trends 2020"}]},
{"techniqueID": "T1199", "score": 7, "metadata": [{"name": "-Groups", "value": "FireEye M-Trends 2020"}]},
{"techniqueID": "T1136", "score": 5, "metadata": [{"name": "-Groups", "value": "FireEye M-Trends 2020"}]},
{"techniqueID": "T1063", "score": 7, "metadata": [{"name": "-Groups", "value": "FireEye M-Trends 2020"}]},
{"techniqueID": "T1193", "score": 5, "metadata": [{"name": "-Groups", "value": "FireEye M-Trends 2020"}]},
{"techniqueID": "T1489", "score": 8, "metadata": [{"name": "-Groups", "value": "FireEye M-Trends 2020"}]},
{"techniqueID": "T1014", "score": 2, "metadata": [{"name": "-Groups", "value": "FireEye M-Trends 2020"}]},
{"techniqueID": "T1168", "score": 1, "metadata": [{"name": "-Groups", "value": "FireEye M-Trends 2020"}]},
{"techniqueID": "T1094", "score": 2, "metadata": [{"name": "-Groups", "value": "FireEye M-Trends 2020"}]},
{"techniqueID": "T1055", "score": 2, "metadata": [{"name": "-Groups", "value": "FireEye M-Trends 2020"}]},
{"techniqueID": "T1106", "score": 1, "metadata": [{"name": "-Groups", "value": "FireEye M-Trends 2020"}]},
{"techniqueID": "T1059", "score": 8, "metadata": [{"name": "-Groups", "value": "FireEye M-Trends 2020"}]},
{"techniqueID": "T1049", "score": 1, "metadata": [{"name": "-Groups", "value": "FireEye M-Trends 2020"}]},
{"techniqueID": "T1480", "score": 1, "metadata": [{"name": "-Groups", "value": "FireEye M-Trends 2020"}]},
{"techniqueID": "T1032", "score": 14, "metadata": [{"name": "-Groups", "value": "FireEye M-Trends 2020"}]},
{"techniqueID": "T1007", "score": 1, "metadata": [{"name": "-Groups", "value": "FireEye M-Trends 2020"}]},
{"techniqueID": "T1100", "score": 16, "metadata": [{"name": "-Groups", "value": "FireEye M-Trends 2020"}]},
{"techniqueID": "T1099", "score": 4, "metadata": [{"name": "-Groups", "value": "FireEye M-Trends 2020"}]},
{"techniqueID": "T1058", "score": 2, "metadata": [{"name": "-Groups", "value": "FireEye M-Trends 2020"}]},
{"techniqueID": "T1057", "score": 3, "metadata": [{"name": "-Groups", "value": "FireEye M-Trends 2020"}]},
{"techniqueID": "T1202", "score": 13, "metadata": [{"name": "-Groups", "value": "FireEye M-Trends 2020"}]},
{"techniqueID": "T1023", "score": 1, "metadata": [{"name": "-Groups", "value": "FireEye M-Trends 2020"}]},
{"techniqueID": "T1086", "score": 29, "metadata": [{"name": "-Groups", "value": "FireEye M-Trends 2020"}]},
{"techniqueID": "T1054", "score": 3, "metadata": [{"name": "-Groups", "value": "FireEye M-Trends 2020"}]},
{"techniqueID": "T1112", "score": 7, "metadata": [{"name": "-Groups", "value": "FireEye M-Trends 2020"}]},
{"techniqueID": "T1083", "score": 3, "metadata": [{"name": "-Groups", "value": "FireEye M-Trends 2020"}]},
{"techniqueID": "T1047", "score": 2, "metadata": [{"name": "-Groups", "value": "FireEye M-Trends 2020"}]},
{"techniqueID": "T1078", "score": 11, "metadata": [{"name": "-Groups", "value": "FireEye M-Trends 2020"}]},
{"techniqueID": "T1002", "score": 13, "metadata": [{"name": "-Groups", "value": "FireEye M-Trends 2020"}]},
{"techniqueID": "T1076", "score": 19, "metadata": [{"name": "-Groups", "value": "FireEye M-Trends 2020"}]},
{"techniqueID": "T1015", "score": 3, "metadata": [{"name": "-Groups", "value": "FireEye M-Trends 2020"}]},
{"techniqueID": "T1090", "score": 5, "metadata": [{"name": "-Groups", "value": "FireEye M-Trends 2020"}]},
{"techniqueID": "T1089", "score": 6, "metadata": [{"name": "-Groups", "value": "FireEye M-Trends 2020"}]},
{"techniqueID": "T1022", "score": 4, "metadata": [{"name": "-Groups", "value": "FireEye M-Trends 2020"}]},
{"techniqueID": "T1116", "score": 5, "metadata": [{"name": "-Groups", "value": "FireEye M-Trends 2020"}]},
{"techniqueID": "T1496", "score": 2, "metadata": [{"name": "-Groups", "value": "FireEye M-Trends 2020"}]},
{"techniqueID": "T1071", "score": 10, "metadata": [{"name": "-Groups", "value": "FireEye M-Trends 2020"}]},
{"techniqueID": "T1170", "score": 1, "metadata": [{"name": "-Groups", "value": "FireEye M-Trends 2020"}]},
{"techniqueID": "T1111", "score": 1, "metadata": [{"name": "-Groups", "value": "FireEye M-Trends 2020"}]},
{"techniqueID": "T1004", "score": 3, "metadata": [{"name": "-Groups", "value": "FireEye M-Trends 2020"}]},
{"techniqueID": "T1081", "score": 1, "metadata": [{"name": "-Groups", "value": "FireEye M-Trends 2020"}]},
{"techniqueID": "T1192", "score": 4, "metadata": [{"name": "-Groups", "value": "FireEye M-Trends 2020"}]},
{"techniqueID": "T1133", "score": 28, "metadata": [{"name": "-Groups", "value": "FireEye M-Trends 2020"}]},
{"techniqueID": "T1035", "score": 28, "metadata": [{"name": "-Groups", "value": "FireEye M-Trends 2020"}]},
{"techniqueID": "T1482", "score": 1, "metadata": [{"name": "-Groups", "value": "FireEye M-Trends 2020"}]},
{"techniqueID": "T1077", "score": 1, "metadata": [{"name": "-Groups", "value": "FireEye M-Trends 2020"}]},
{"techniqueID": "T1117", "score": 1, "metadata": [{"name": "-Groups", "value": "FireEye M-Trends 2020"}]},
{"techniqueID": "T1138", "score": 2, "metadata": [{"name": "-Groups", "value": "FireEye M-Trends 2020"}]},
{"techniqueID": "T1040", "score": 1, "metadata": [{"name": "-Groups", "value": "FireEye M-Trends 2020"}]},
{"techniqueID": "T1021", "score": 2, "metadata": [{"name": "-Groups", "value": "FireEye M-Trends 2020"}]},
{"techniqueID": "T1045", "score": 9, "metadata": [{"name": "-Groups", "value": "FireEye M-Trends 2020"}]},
{"techniqueID": "T1046", "score": 3, "metadata": [{"name": "-Groups", "value": "FireEye M-Trends 2020"}]},
{"techniqueID": "T1053", "score": 11, "metadata": [{"name": "-Groups", "value": "FireEye M-Trends 2020"}]},
{"techniqueID": "T1158", "score": 1, "metadata": [{"name": "-Groups", "value": "FireEye M-Trends 2020"}]},
{"techniqueID": "T1027", "score": 31, "metadata": [{"name": "-Groups", "value": "FireEye M-Trends 2020"}]},
{"techniqueID": "T1492", "score": 1, "metadata": [{"name": "-Groups", "value": "FireEye M-Trends 2020"}]},
{"techniqueID": "T1173", "score": 1, "metadata": [{"name": "-Groups", "value": "FireEye M-Trends 2020"}]},
{"techniqueID": "T1201", "score": 1, "metadata": [{"name": "-Groups", "value": "FireEye M-Trends 2020"}]},
{"techniqueID": "T1069", "score": 4, "metadata": [{"name": "-Groups", "value": "FireEye M-Trends 2020"}]},
{"techniqueID": "T1003", "score": 9, "metadata": [{"name": "-Groups", "value": "FireEye M-Trends 2020"}]},
{"techniqueID": "T1490", "score": 1, "metadata": [{"name": "-Groups", "value": "FireEye M-Trends 2020"}]},
{"techniqueID": "T1073", "score": 4, "metadata": [{"name": "-Groups", "value": "FireEye M-Trends 2020"}]},
{"techniqueID": "T1033", "score": 5, "metadata": [{"name": "-Groups", "value": "FireEye M-Trends 2020"}]},
{"techniqueID": "T1087", "score": 4, "metadata": [{"name": "-Groups", "value": "FireEye M-Trends 2020"}]},
{"techniqueID": "T1036", "score": 1, "metadata": [{"name": "-Groups", "value": "FireEye M-Trends 2020"}]},
{"techniqueID": "T1110", "score": 5, "metadata": [{"name": "-Groups", "value": "FireEye M-Trends 2020"}]},
{"techniqueID": "T1016", "score": 3, "metadata": [{"name": "-Groups", "value": "FireEye M-Trends 2020"}]},
{"techniqueID": "T1096", "score": 1, "metadata": [{"name": "-Groups", "value": "FireEye M-Trends 2020"}]},
{"techniqueID": "T1070", "score": 5, "metadata": [{"name": "-Groups", "value": "FireEye M-Trends 2020"}]},
{"techniqueID": "T1190", "score": 17, "metadata": [{"name": "-Groups", "value": "FireEye M-Trends 2020"}]},
{"techniqueID": "T1497", "score": 1, "metadata": [{"name": "-Groups", "value": "FireEye M-Trends 2020"}]},
{"techniqueID": "T1107", "score": 11, "metadata": [{"name": "-Groups", "value": "FireEye M-Trends 2020"}]},
{"techniqueID": "T1140", "score": 1, "metadata": [{"name": "-Groups", "value": "FireEye M-Trends 2020"}]},
{"techniqueID": "T1486", "score": 5, "metadata": [{"name": "-Groups", "value": "FireEye M-Trends 2020"}]},
{"techniqueID": "T1060", "score": 5, "metadata": [{"name": "-Groups", "value": "FireEye M-Trends 2020"}]},
{"techniqueID": "T1105", "score": 11, "metadata": [{"name": "-Groups", "value": "FireEye M-Trends 2020"}]},
{"techniqueID": "T1038", "score": 4, "metadata": [{"name": "-Groups", "value": "FireEye M-Trends 2020"}]},
{"techniqueID": "T1012", "score": 4, "metadata": [{"name": "-Groups", "value": "FireEye M-Trends 2020"}]},
{"techniqueID": "T1082", "score": 6, "metadata": [{"name": "-Groups", "value": "FireEye M-Trends 2020"}]},
{"techniqueID": "T1098", "score": 10, "metadata": [{"name": "-Groups", "value": "FireEye M-Trends 2020"}]},
{"techniqueID": "T1102", "score": 4, "metadata": [{"name": "-Groups", "value": "FireEye M-Trends 2020"}]},
{"techniqueID": "T1034", "score": 4, "metadata": [{"name": "-Groups", "value": "FireEye M-Trends 2020"}]},
{"techniqueID": "T1064", "score": 30, "metadata": [{"name": "-Groups", "value": "FireEye M-Trends 2020"}]},
{"techniqueID": "T1031", "score": 1, "metadata": [{"name": "-Groups", "value": "FireEye M-Trends 2020"}]},
{"techniqueID": "T1179", "score": 1, "metadata": [{"name": "-Groups", "value": "FireEye M-Trends 2020"}]},
{"techniqueID": "T1188", "score": 2, "metadata": [{"name": "-Groups", "value": "FireEye M-Trends 2020"}]},
{"techniqueID": "T1219", "score": 2, "metadata": [{"name": "-Groups", "value": "FireEye M-Trends 2020"}]}], "showTacticRowBackground": false, "tacticRowBackground": "#dddddd", "selectTechniquesAcrossTactics": true, "gradient": {"colors": ["#ffcece", "#ff0000"], "minValue": 0, "maxValue": 31},
"legendItems": [{"label": "Tech. not often used", "color": "#ffcece"},
{"label": "Tech. used frequently", "color": "#ff0000"},
{"label": "Groups overlay: tech. in group + overlay", "color": "#f9a825"},
{"label": "Groups overlay: tech. in overlay", "color": "#ffee58"},
{"label": "Src. of tech. is only software", "color": "#0d47a1 "},
{"label": "Src. of tech. is group(s)/overlay + software", "color": "#64b5f6 "}]}