[
  {
    "software_id": "S0001",
    "software_name": "Trojan.Mebromi",
    "platforms": [
      "Windows"
    ],
    "autosuggest": "S0001 - Trojan.Mebromi"
  },
  {
    "software_id": "S0002",
    "software_name": "Mimikatz",
    "platforms": [
      "Windows"
    ],
    "autosuggest": "S0002 - Mimikatz"
  },
  {
    "software_id": "S0003",
    "software_name": "RIPTIDE",
    "platforms": [
      "Windows"
    ],
    "autosuggest": "S0003 - RIPTIDE"
  },
  {
    "software_id": "S0004",
    "software_name": "TinyZBot",
    "platforms": [
      "Windows"
    ],
    "autosuggest": "S0004 - TinyZBot"
  },
  {
    "software_id": "S0005",
    "software_name": "Windows Credential Editor",
    "platforms": [
      "Windows"
    ],
    "autosuggest": "S0005 - Windows Credential Editor"
  },
  {
    "software_id": "S0006",
    "software_name": "pwdump",
    "platforms": [
      "Windows"
    ],
    "autosuggest": "S0006 - pwdump"
  },
  {
    "software_id": "S0007",
    "software_name": "Skeleton Key",
    "platforms": [
      "Windows"
    ],
    "autosuggest": "S0007 - Skeleton Key"
  },
  {
    "software_id": "S0008",
    "software_name": "gsecdump",
    "platforms": [
      "Windows"
    ],
    "autosuggest": "S0008 - gsecdump"
  },
  {
    "software_id": "S0009",
    "software_name": "Hikit",
    "platforms": [
      "Windows"
    ],
    "autosuggest": "S0009 - Hikit"
  },
  {
    "software_id": "S0010",
    "software_name": "Lurid",
    "platforms": [
      "Windows"
    ],
    "autosuggest": "S0010 - Lurid"
  },
  {
    "software_id": "S0011",
    "software_name": "Taidoor",
    "platforms": [
      "Windows"
    ],
    "autosuggest": "S0011 - Taidoor"
  },
  {
    "software_id": "S0012",
    "software_name": "PoisonIvy",
    "platforms": [
      "Windows"
    ],
    "autosuggest": "S0012 - PoisonIvy"
  },
  {
    "software_id": "S0013",
    "software_name": "PlugX",
    "platforms": [
      "Windows"
    ],
    "autosuggest": "S0013 - PlugX"
  },
  {
    "software_id": "S0014",
    "software_name": "BS2005",
    "platforms": [
      "Windows"
    ],
    "autosuggest": "S0014 - BS2005"
  },
  {
    "software_id": "S0015",
    "software_name": "Ixeshe",
    "platforms": [
      "Windows"
    ],
    "autosuggest": "S0015 - Ixeshe"
  },
  {
    "software_id": "S0016",
    "software_name": "P2P ZeuS",
    "platforms": [
      "Windows"
    ],
    "autosuggest": "S0016 - P2P ZeuS"
  },
  {
    "software_id": "S0017",
    "software_name": "BISCUIT",
    "platforms": [
      "Windows"
    ],
    "autosuggest": "S0017 - BISCUIT"
  },
  {
    "software_id": "S0018",
    "software_name": "Sykipot",
    "platforms": [
      "Windows"
    ],
    "autosuggest": "S0018 - Sykipot"
  },
  {
    "software_id": "S0019",
    "software_name": "Regin",
    "platforms": [
      "Windows"
    ],
    "autosuggest": "S0019 - Regin"
  },
  {
    "software_id": "S0020",
    "software_name": "China Chopper",
    "platforms": [
      "Windows"
    ],
    "autosuggest": "S0020 - China Chopper"
  },
  {
    "software_id": "S0021",
    "software_name": "Derusbi",
    "platforms": [
      "Linux",
      "Windows"
    ],
    "autosuggest": "S0021 - Derusbi"
  },
  {
    "software_id": "S0022",
    "software_name": "Uroburos",
    "platforms": [
      "Windows"
    ],
    "autosuggest": "S0022 - Uroburos"
  },
  {
    "software_id": "S0023",
    "software_name": "CHOPSTICK",
    "platforms": [
      "Linux",
      "Windows"
    ],
    "autosuggest": "S0023 - CHOPSTICK"
  },
  {
    "software_id": "S0024",
    "software_name": "Dyre",
    "platforms": [
      "Windows"
    ],
    "autosuggest": "S0024 - Dyre"
  },
  {
    "software_id": "S0025",
    "software_name": "CALENDAR",
    "platforms": [
      "Windows"
    ],
    "autosuggest": "S0025 - CALENDAR"
  },
  {
    "software_id": "S0026",
    "software_name": "GLOOXMAIL",
    "platforms": [
      "Windows"
    ],
    "autosuggest": "S0026 - GLOOXMAIL"
  },
  {
    "software_id": "S0027",
    "software_name": "Zeroaccess",
    "platforms": [
      "Windows"
    ],
    "autosuggest": "S0027 - Zeroaccess"
  },
  {
    "software_id": "S0028",
    "software_name": "SHIPSHAPE",
    "platforms": [
      "Windows"
    ],
    "autosuggest": "S0028 - SHIPSHAPE"
  },
  {
    "software_id": "S0029",
    "software_name": "PsExec",
    "platforms": [
      "Windows"
    ],
    "autosuggest": "S0029 - PsExec"
  },
  {
    "software_id": "S0030",
    "software_name": "Carbanak",
    "platforms": [
      "Windows"
    ],
    "autosuggest": "S0030 - Carbanak"
  },
  {
    "software_id": "S0031",
    "software_name": "BACKSPACE",
    "platforms": [
      "Windows"
    ],
    "autosuggest": "S0031 - BACKSPACE"
  },
  {
    "software_id": "S0032",
    "software_name": "gh0st RAT",
    "platforms": [
      "Windows",
      "macOS"
    ],
    "autosuggest": "S0032 - gh0st RAT"
  },
  {
    "software_id": "S0033",
    "software_name": "NetTraveler",
    "platforms": [
      "Windows"
    ],
    "autosuggest": "S0033 - NetTraveler"
  },
  {
    "software_id": "S0034",
    "software_name": "NETEAGLE",
    "platforms": [
      "Windows"
    ],
    "autosuggest": "S0034 - NETEAGLE"
  },
  {
    "software_id": "S0035",
    "software_name": "SPACESHIP",
    "platforms": [
      "Windows"
    ],
    "autosuggest": "S0035 - SPACESHIP"
  },
  {
    "software_id": "S0036",
    "software_name": "FLASHFLOOD",
    "platforms": [
      "Windows"
    ],
    "autosuggest": "S0036 - FLASHFLOOD"
  },
  {
    "software_id": "S0037",
    "software_name": "HAMMERTOSS",
    "platforms": [
      "Windows"
    ],
    "autosuggest": "S0037 - HAMMERTOSS"
  },
  {
    "software_id": "S0038",
    "software_name": "Duqu",
    "platforms": [
      "Windows"
    ],
    "autosuggest": "S0038 - Duqu"
  },
  {
    "software_id": "S0039",
    "software_name": "Net",
    "platforms": [
      "Windows"
    ],
    "autosuggest": "S0039 - Net"
  },
  {
    "software_id": "S0040",
    "software_name": "HTRAN",
    "platforms": [
      "Linux",
      "Windows"
    ],
    "autosuggest": "S0040 - HTRAN"
  },
  {
    "software_id": "S0041",
    "software_name": "Wiper",
    "platforms": [
      "Windows"
    ],
    "autosuggest": "S0041 - Wiper"
  },
  {
    "software_id": "S0042",
    "software_name": "LOWBALL",
    "platforms": [
      "Windows"
    ],
    "autosuggest": "S0042 - LOWBALL"
  },
  {
    "software_id": "S0043",
    "software_name": "BUBBLEWRAP",
    "platforms": [
      "Windows"
    ],
    "autosuggest": "S0043 - BUBBLEWRAP"
  },
  {
    "software_id": "S0044",
    "software_name": "JHUHUGIT",
    "platforms": [
      "Windows"
    ],
    "autosuggest": "S0044 - JHUHUGIT"
  },
  {
    "software_id": "S0045",
    "software_name": "ADVSTORESHELL",
    "platforms": [
      "Windows"
    ],
    "autosuggest": "S0045 - ADVSTORESHELL"
  },
  {
    "software_id": "S0046",
    "software_name": "CozyCar",
    "platforms": [
      "Windows"
    ],
    "autosuggest": "S0046 - CozyCar"
  },
  {
    "software_id": "S0047",
    "software_name": "Hacking Team UEFI Rootkit",
    "platforms": [
      "AWS",
      "Azure",
      "Azure AD",
      "GCP",
      "Linux",
      "Network",
      "Office 365",
      "PRE",
      "SaaS",
      "Windows",
      "macOS"
    ],
    "autosuggest": "S0047 - Hacking Team UEFI Rootkit"
  },
  {
    "software_id": "S0048",
    "software_name": "PinchDuke",
    "platforms": [
      "Windows"
    ],
    "autosuggest": "S0048 - PinchDuke"
  },
  {
    "software_id": "S0049",
    "software_name": "GeminiDuke",
    "platforms": [
      "Windows"
    ],
    "autosuggest": "S0049 - GeminiDuke"
  },
  {
    "software_id": "S0050",
    "software_name": "CosmicDuke",
    "platforms": [
      "Windows"
    ],
    "autosuggest": "S0050 - CosmicDuke"
  },
  {
    "software_id": "S0051",
    "software_name": "MiniDuke",
    "platforms": [
      "Windows"
    ],
    "autosuggest": "S0051 - MiniDuke"
  },
  {
    "software_id": "S0052",
    "software_name": "OnionDuke",
    "platforms": [
      "Windows"
    ],
    "autosuggest": "S0052 - OnionDuke"
  },
  {
    "software_id": "S0053",
    "software_name": "SeaDuke",
    "platforms": [
      "Windows"
    ],
    "autosuggest": "S0053 - SeaDuke"
  },
  {
    "software_id": "S0054",
    "software_name": "CloudDuke",
    "platforms": [
      "Windows"
    ],
    "autosuggest": "S0054 - CloudDuke"
  },
  {
    "software_id": "S0055",
    "software_name": "RARSTONE",
    "platforms": [
      "Windows"
    ],
    "autosuggest": "S0055 - RARSTONE"
  },
  {
    "software_id": "S0056",
    "software_name": "Net Crawler",
    "platforms": [
      "Windows"
    ],
    "autosuggest": "S0056 - Net Crawler"
  },
  {
    "software_id": "S0057",
    "software_name": "Tasklist",
    "platforms": [
      "Windows"
    ],
    "autosuggest": "S0057 - Tasklist"
  },
  {
    "software_id": "S0058",
    "software_name": "SslMM",
    "platforms": [
      "Windows"
    ],
    "autosuggest": "S0058 - SslMM"
  },
  {
    "software_id": "S0059",
    "software_name": "WinMM",
    "platforms": [
      "Windows"
    ],
    "autosuggest": "S0059 - WinMM"
  },
  {
    "software_id": "S0060",
    "software_name": "Sys10",
    "platforms": [
      "Windows"
    ],
    "autosuggest": "S0060 - Sys10"
  },
  {
    "software_id": "S0061",
    "software_name": "HDoor",
    "platforms": [
      "Windows"
    ],
    "autosuggest": "S0061 - HDoor"
  },
  {
    "software_id": "S0062",
    "software_name": "DustySky",
    "platforms": [
      "Windows"
    ],
    "autosuggest": "S0062 - DustySky"
  },
  {
    "software_id": "S0063",
    "software_name": "SHOTPUT",
    "platforms": [
      "Windows"
    ],
    "autosuggest": "S0063 - SHOTPUT"
  },
  {
    "software_id": "S0064",
    "software_name": "ELMER",
    "platforms": [
      "Windows"
    ],
    "autosuggest": "S0064 - ELMER"
  },
  {
    "software_id": "S0065",
    "software_name": "4H RAT",
    "platforms": [
      "Windows"
    ],
    "autosuggest": "S0065 - 4H RAT"
  },
  {
    "software_id": "S0066",
    "software_name": "3PARA RAT",
    "platforms": [
      "Windows"
    ],
    "autosuggest": "S0066 - 3PARA RAT"
  },
  {
    "software_id": "S0067",
    "software_name": "pngdowner",
    "platforms": [
      "Windows"
    ],
    "autosuggest": "S0067 - pngdowner"
  },
  {
    "software_id": "S0068",
    "software_name": "httpclient",
    "platforms": [
      "Windows"
    ],
    "autosuggest": "S0068 - httpclient"
  },
  {
    "software_id": "S0069",
    "software_name": "BLACKCOFFEE",
    "platforms": [
      "Windows"
    ],
    "autosuggest": "S0069 - BLACKCOFFEE"
  },
  {
    "software_id": "S0070",
    "software_name": "HTTPBrowser",
    "platforms": [
      "Windows"
    ],
    "autosuggest": "S0070 - HTTPBrowser"
  },
  {
    "software_id": "S0071",
    "software_name": "hcdLoader",
    "platforms": [
      "Windows"
    ],
    "autosuggest": "S0071 - hcdLoader"
  },
  {
    "software_id": "S0072",
    "software_name": "OwaAuth",
    "platforms": [
      "Windows"
    ],
    "autosuggest": "S0072 - OwaAuth"
  },
  {
    "software_id": "S0073",
    "software_name": "ASPXSpy",
    "platforms": [
      "Windows"
    ],
    "autosuggest": "S0073 - ASPXSpy"
  },
  {
    "software_id": "S0074",
    "software_name": "Sakula",
    "platforms": [
      "Windows"
    ],
    "autosuggest": "S0074 - Sakula"
  },
  {
    "software_id": "S0075",
    "software_name": "Reg",
    "platforms": [
      "Windows"
    ],
    "autosuggest": "S0075 - Reg"
  },
  {
    "software_id": "S0076",
    "software_name": "FakeM",
    "platforms": [
      "Windows"
    ],
    "autosuggest": "S0076 - FakeM"
  },
  {
    "software_id": "S0077",
    "software_name": "CallMe",
    "platforms": [
      "macOS"
    ],
    "autosuggest": "S0077 - CallMe"
  },
  {
    "software_id": "S0078",
    "software_name": "Psylo",
    "platforms": [
      "Windows"
    ],
    "autosuggest": "S0078 - Psylo"
  },
  {
    "software_id": "S0079",
    "software_name": "MobileOrder",
    "platforms": [
      "AWS",
      "Azure",
      "Azure AD",
      "GCP",
      "Linux",
      "Network",
      "Office 365",
      "PRE",
      "SaaS",
      "Windows",
      "macOS"
    ],
    "autosuggest": "S0079 - MobileOrder"
  },
  {
    "software_id": "S0080",
    "software_name": "Mivast",
    "platforms": [
      "Windows"
    ],
    "autosuggest": "S0080 - Mivast"
  },
  {
    "software_id": "S0081",
    "software_name": "Elise",
    "platforms": [
      "Windows"
    ],
    "autosuggest": "S0081 - Elise"
  },
  {
    "software_id": "S0082",
    "software_name": "Emissary",
    "platforms": [
      "Windows"
    ],
    "autosuggest": "S0082 - Emissary"
  },
  {
    "software_id": "S0083",
    "software_name": "Misdat",
    "platforms": [
      "Windows"
    ],
    "autosuggest": "S0083 - Misdat"
  },
  {
    "software_id": "S0084",
    "software_name": "Mis-Type",
    "platforms": [
      "Windows"
    ],
    "autosuggest": "S0084 - Mis-Type"
  },
  {
    "software_id": "S0085",
    "software_name": "S-Type",
    "platforms": [
      "Windows"
    ],
    "autosuggest": "S0085 - S-Type"
  },
  {
    "software_id": "S0086",
    "software_name": "ZLib",
    "platforms": [
      "Windows"
    ],
    "autosuggest": "S0086 - ZLib"
  },
  {
    "software_id": "S0087",
    "software_name": "Hi-Zor",
    "platforms": [
      "Windows"
    ],
    "autosuggest": "S0087 - Hi-Zor"
  },
  {
    "software_id": "S0088",
    "software_name": "Kasidet",
    "platforms": [
      "Windows"
    ],
    "autosuggest": "S0088 - Kasidet"
  },
  {
    "software_id": "S0089",
    "software_name": "BlackEnergy",
    "platforms": [
      "Windows"
    ],
    "autosuggest": "S0089 - BlackEnergy"
  },
  {
    "software_id": "S0090",
    "software_name": "Rover",
    "platforms": [
      "Windows"
    ],
    "autosuggest": "S0090 - Rover"
  },
  {
    "software_id": "S0091",
    "software_name": "Epic",
    "platforms": [
      "Windows"
    ],
    "autosuggest": "S0091 - Epic"
  },
  {
    "software_id": "S0092",
    "software_name": "Agent.btz",
    "platforms": [
      "Windows"
    ],
    "autosuggest": "S0092 - Agent.btz"
  },
  {
    "software_id": "S0093",
    "software_name": "Backdoor.Oldrea",
    "platforms": [
      "Windows"
    ],
    "autosuggest": "S0093 - Backdoor.Oldrea"
  },
  {
    "software_id": "S0094",
    "software_name": "Trojan.Karagany",
    "platforms": [
      "Windows"
    ],
    "autosuggest": "S0094 - Trojan.Karagany"
  },
  {
    "software_id": "S0095",
    "software_name": "FTP",
    "platforms": [
      "Linux",
      "Windows",
      "macOS"
    ],
    "autosuggest": "S0095 - FTP"
  },
  {
    "software_id": "S0096",
    "software_name": "Systeminfo",
    "platforms": [
      "Windows"
    ],
    "autosuggest": "S0096 - Systeminfo"
  },
  {
    "software_id": "S0097",
    "software_name": "Ping",
    "platforms": [
      "Linux",
      "Windows",
      "macOS"
    ],
    "autosuggest": "S0097 - Ping"
  },
  {
    "software_id": "S0098",
    "software_name": "T9000",
    "platforms": [
      "Windows"
    ],
    "autosuggest": "S0098 - T9000"
  },
  {
    "software_id": "S0099",
    "software_name": "Arp",
    "platforms": [
      "Linux",
      "Windows",
      "macOS"
    ],
    "autosuggest": "S0099 - Arp"
  },
  {
    "software_id": "S0100",
    "software_name": "ipconfig",
    "platforms": [
      "Windows"
    ],
    "autosuggest": "S0100 - ipconfig"
  },
  {
    "software_id": "S0101",
    "software_name": "ifconfig",
    "platforms": [
      "Linux"
    ],
    "autosuggest": "S0101 - ifconfig"
  },
  {
    "software_id": "S0102",
    "software_name": "nbtstat",
    "platforms": [
      "Windows"
    ],
    "autosuggest": "S0102 - nbtstat"
  },
  {
    "software_id": "S0103",
    "software_name": "route",
    "platforms": [
      "Linux",
      "Windows",
      "macOS"
    ],
    "autosuggest": "S0103 - route"
  },
  {
    "software_id": "S0104",
    "software_name": "netstat",
    "platforms": [
      "Linux",
      "Windows",
      "macOS"
    ],
    "autosuggest": "S0104 - netstat"
  },
  {
    "software_id": "S0105",
    "software_name": "dsquery",
    "platforms": [
      "Windows"
    ],
    "autosuggest": "S0105 - dsquery"
  },
  {
    "software_id": "S0106",
    "software_name": "cmd",
    "platforms": [
      "Windows"
    ],
    "autosuggest": "S0106 - cmd"
  },
  {
    "software_id": "S0107",
    "software_name": "Cherry Picker",
    "platforms": [
      "Windows"
    ],
    "autosuggest": "S0107 - Cherry Picker"
  },
  {
    "software_id": "S0108",
    "software_name": "netsh",
    "platforms": [
      "Windows"
    ],
    "autosuggest": "S0108 - netsh"
  },
  {
    "software_id": "S0109",
    "software_name": "WEBC2",
    "platforms": [
      "Windows"
    ],
    "autosuggest": "S0109 - WEBC2"
  },
  {
    "software_id": "S0110",
    "software_name": "at",
    "platforms": [
      "Linux",
      "Windows",
      "macOS"
    ],
    "autosuggest": "S0110 - at"
  },
  {
    "software_id": "S0111",
    "software_name": "schtasks",
    "platforms": [
      "Windows"
    ],
    "autosuggest": "S0111 - schtasks"
  },
  {
    "software_id": "S0112",
    "software_name": "ROCKBOOT",
    "platforms": [
      "Windows"
    ],
    "autosuggest": "S0112 - ROCKBOOT"
  },
  {
    "software_id": "S0113",
    "software_name": "Prikormka",
    "platforms": [
      "Windows"
    ],
    "autosuggest": "S0113 - Prikormka"
  },
  {
    "software_id": "S0114",
    "software_name": "BOOTRASH",
    "platforms": [
      "Windows"
    ],
    "autosuggest": "S0114 - BOOTRASH"
  },
  {
    "software_id": "S0115",
    "software_name": "Crimson",
    "platforms": [
      "Windows"
    ],
    "autosuggest": "S0115 - Crimson"
  },
  {
    "software_id": "S0116",
    "software_name": "UACMe",
    "platforms": [
      "Windows"
    ],
    "autosuggest": "S0116 - UACMe"
  },
  {
    "software_id": "S0117",
    "software_name": "XTunnel",
    "platforms": [
      "Windows"
    ],
    "autosuggest": "S0117 - XTunnel"
  },
  {
    "software_id": "S0118",
    "software_name": "Nidiran",
    "platforms": [
      "Windows"
    ],
    "autosuggest": "S0118 - Nidiran"
  },
  {
    "software_id": "S0119",
    "software_name": "Cachedump",
    "platforms": [
      "Windows"
    ],
    "autosuggest": "S0119 - Cachedump"
  },
  {
    "software_id": "S0120",
    "software_name": "Fgdump",
    "platforms": [
      "Windows"
    ],
    "autosuggest": "S0120 - Fgdump"
  },
  {
    "software_id": "S0121",
    "software_name": "Lslsass",
    "platforms": [
      "Windows"
    ],
    "autosuggest": "S0121 - Lslsass"
  },
  {
    "software_id": "S0122",
    "software_name": "Pass-The-Hash Toolkit",
    "platforms": [
      "Linux",
      "Windows",
      "macOS"
    ],
    "autosuggest": "S0122 - Pass-The-Hash Toolkit"
  },
  {
    "software_id": "S0123",
    "software_name": "xCmd",
    "platforms": [
      "Windows"
    ],
    "autosuggest": "S0123 - xCmd"
  },
  {
    "software_id": "S0124",
    "software_name": "Pisloader",
    "platforms": [
      "Windows"
    ],
    "autosuggest": "S0124 - Pisloader"
  },
  {
    "software_id": "S0125",
    "software_name": "Remsec",
    "platforms": [
      "Windows"
    ],
    "autosuggest": "S0125 - Remsec"
  },
  {
    "software_id": "S0126",
    "software_name": "ComRAT",
    "platforms": [
      "Windows"
    ],
    "autosuggest": "S0126 - ComRAT"
  },
  {
    "software_id": "S0127",
    "software_name": "BBSRAT",
    "platforms": [
      "Windows"
    ],
    "autosuggest": "S0127 - BBSRAT"
  },
  {
    "software_id": "S0128",
    "software_name": "BADNEWS",
    "platforms": [
      "Windows"
    ],
    "autosuggest": "S0128 - BADNEWS"
  },
  {
    "software_id": "S0129",
    "software_name": "AutoIt backdoor",
    "platforms": [
      "Windows"
    ],
    "autosuggest": "S0129 - AutoIt backdoor"
  },
  {
    "software_id": "S0130",
    "software_name": "Unknown Logger",
    "platforms": [
      "Windows"
    ],
    "autosuggest": "S0130 - Unknown Logger"
  },
  {
    "software_id": "S0131",
    "software_name": "TINYTYPHON",
    "platforms": [
      "Windows"
    ],
    "autosuggest": "S0131 - TINYTYPHON"
  },
  {
    "software_id": "S0132",
    "software_name": "H1N1",
    "platforms": [
      "Windows"
    ],
    "autosuggest": "S0132 - H1N1"
  },
  {
    "software_id": "S0133",
    "software_name": "Miner-C",
    "platforms": [
      "Windows"
    ],
    "autosuggest": "S0133 - Miner-C"
  },
  {
    "software_id": "S0134",
    "software_name": "Downdelph",
    "platforms": [
      "Windows"
    ],
    "autosuggest": "S0134 - Downdelph"
  },
  {
    "software_id": "S0135",
    "software_name": "HIDEDRV",
    "platforms": [
      "Windows"
    ],
    "autosuggest": "S0135 - HIDEDRV"
  },
  {
    "software_id": "S0136",
    "software_name": "USBStealer",
    "platforms": [
      "Windows"
    ],
    "autosuggest": "S0136 - USBStealer"
  },
  {
    "software_id": "S0137",
    "software_name": "CORESHELL",
    "platforms": [
      "Windows"
    ],
    "autosuggest": "S0137 - CORESHELL"
  },
  {
    "software_id": "S0138",
    "software_name": "OLDBAIT",
    "platforms": [
      "Windows"
    ],
    "autosuggest": "S0138 - OLDBAIT"
  },
  {
    "software_id": "S0139",
    "software_name": "PowerDuke",
    "platforms": [
      "Windows"
    ],
    "autosuggest": "S0139 - PowerDuke"
  },
  {
    "software_id": "S0140",
    "software_name": "Shamoon",
    "platforms": [
      "Windows"
    ],
    "autosuggest": "S0140 - Shamoon"
  },
  {
    "software_id": "S0141",
    "software_name": "Winnti for Windows",
    "platforms": [
      "Windows"
    ],
    "autosuggest": "S0141 - Winnti for Windows"
  },
  {
    "software_id": "S0142",
    "software_name": "StreamEx",
    "platforms": [
      "Windows"
    ],
    "autosuggest": "S0142 - StreamEx"
  },
  {
    "software_id": "S0143",
    "software_name": "Flame",
    "platforms": [
      "Windows"
    ],
    "autosuggest": "S0143 - Flame"
  },
  {
    "software_id": "S0144",
    "software_name": "ChChes",
    "platforms": [
      "Windows"
    ],
    "autosuggest": "S0144 - ChChes"
  },
  {
    "software_id": "S0145",
    "software_name": "POWERSOURCE",
    "platforms": [
      "Windows"
    ],
    "autosuggest": "S0145 - POWERSOURCE"
  },
  {
    "software_id": "S0146",
    "software_name": "TEXTMATE",
    "platforms": [
      "Windows"
    ],
    "autosuggest": "S0146 - TEXTMATE"
  },
  {
    "software_id": "S0147",
    "software_name": "Pteranodon",
    "platforms": [
      "Windows"
    ],
    "autosuggest": "S0147 - Pteranodon"
  },
  {
    "software_id": "S0148",
    "software_name": "RTM",
    "platforms": [
      "Windows"
    ],
    "autosuggest": "S0148 - RTM"
  },
  {
    "software_id": "S0149",
    "software_name": "MoonWind",
    "platforms": [
      "Windows"
    ],
    "autosuggest": "S0149 - MoonWind"
  },
  {
    "software_id": "S0150",
    "software_name": "POSHSPY",
    "platforms": [
      "Windows"
    ],
    "autosuggest": "S0150 - POSHSPY"
  },
  {
    "software_id": "S0151",
    "software_name": "HALFBAKED",
    "platforms": [
      "Windows"
    ],
    "autosuggest": "S0151 - HALFBAKED"
  },
  {
    "software_id": "S0152",
    "software_name": "EvilGrab",
    "platforms": [
      "Windows"
    ],
    "autosuggest": "S0152 - EvilGrab"
  },
  {
    "software_id": "S0153",
    "software_name": "RedLeaves",
    "platforms": [
      "Windows"
    ],
    "autosuggest": "S0153 - RedLeaves"
  },
  {
    "software_id": "S0154",
    "software_name": "Cobalt Strike",
    "platforms": [
      "Windows"
    ],
    "autosuggest": "S0154 - Cobalt Strike"
  },
  {
    "software_id": "S0155",
    "software_name": "WINDSHIELD",
    "platforms": [
      "Windows"
    ],
    "autosuggest": "S0155 - WINDSHIELD"
  },
  {
    "software_id": "S0156",
    "software_name": "KOMPROGO",
    "platforms": [
      "Windows"
    ],
    "autosuggest": "S0156 - KOMPROGO"
  },
  {
    "software_id": "S0157",
    "software_name": "SOUNDBITE",
    "platforms": [
      "Windows"
    ],
    "autosuggest": "S0157 - SOUNDBITE"
  },
  {
    "software_id": "S0158",
    "software_name": "PHOREAL",
    "platforms": [
      "Windows"
    ],
    "autosuggest": "S0158 - PHOREAL"
  },
  {
    "software_id": "S0159",
    "software_name": "SNUGRIDE",
    "platforms": [
      "Windows"
    ],
    "autosuggest": "S0159 - SNUGRIDE"
  },
  {
    "software_id": "S0160",
    "software_name": "certutil",
    "platforms": [
      "Windows"
    ],
    "autosuggest": "S0160 - certutil"
  },
  {
    "software_id": "S0161",
    "software_name": "XAgentOSX",
    "platforms": [
      "macOS"
    ],
    "autosuggest": "S0161 - XAgentOSX"
  },
  {
    "software_id": "S0162",
    "software_name": "Komplex",
    "platforms": [
      "macOS"
    ],
    "autosuggest": "S0162 - Komplex"
  },
  {
    "software_id": "S0163",
    "software_name": "Janicab",
    "platforms": [
      "macOS"
    ],
    "autosuggest": "S0163 - Janicab"
  },
  {
    "software_id": "S0164",
    "software_name": "TDTESS",
    "platforms": [
      "Windows"
    ],
    "autosuggest": "S0164 - TDTESS"
  },
  {
    "software_id": "S0165",
    "software_name": "OSInfo",
    "platforms": [
      "Windows"
    ],
    "autosuggest": "S0165 - OSInfo"
  },
  {
    "software_id": "S0166",
    "software_name": "RemoteCMD",
    "platforms": [
      "Windows"
    ],
    "autosuggest": "S0166 - RemoteCMD"
  },
  {
    "software_id": "S0167",
    "software_name": "Matryoshka",
    "platforms": [
      "Windows"
    ],
    "autosuggest": "S0167 - Matryoshka"
  },
  {
    "software_id": "S0168",
    "software_name": "Gazer",
    "platforms": [
      "Windows"
    ],
    "autosuggest": "S0168 - Gazer"
  },
  {
    "software_id": "S0169",
    "software_name": "RawPOS",
    "platforms": [
      "Windows"
    ],
    "autosuggest": "S0169 - RawPOS"
  },
  {
    "software_id": "S0170",
    "software_name": "Helminth",
    "platforms": [
      "Windows"
    ],
    "autosuggest": "S0170 - Helminth"
  },
  {
    "software_id": "S0171",
    "software_name": "Felismus",
    "platforms": [
      "Windows"
    ],
    "autosuggest": "S0171 - Felismus"
  },
  {
    "software_id": "S0172",
    "software_name": "Reaver",
    "platforms": [
      "Windows"
    ],
    "autosuggest": "S0172 - Reaver"
  },
  {
    "software_id": "S0173",
    "software_name": "FLIPSIDE",
    "platforms": [
      "Windows"
    ],
    "autosuggest": "S0173 - FLIPSIDE"
  },
  {
    "software_id": "S0174",
    "software_name": "Responder",
    "platforms": [
      "Windows"
    ],
    "autosuggest": "S0174 - Responder"
  },
  {
    "software_id": "S0175",
    "software_name": "meek",
    "platforms": [
      "Linux",
      "Windows",
      "macOS"
    ],
    "autosuggest": "S0175 - meek"
  },
  {
    "software_id": "S0176",
    "software_name": "Wingbird",
    "platforms": [
      "Windows"
    ],
    "autosuggest": "S0176 - Wingbird"
  },
  {
    "software_id": "S0177",
    "software_name": "Power Loader",
    "platforms": [
      "Windows"
    ],
    "autosuggest": "S0177 - Power Loader"
  },
  {
    "software_id": "S0178",
    "software_name": "Truvasys",
    "platforms": [
      "Windows"
    ],
    "autosuggest": "S0178 - Truvasys"
  },
  {
    "software_id": "S0179",
    "software_name": "MimiPenguin",
    "platforms": [
      "Linux"
    ],
    "autosuggest": "S0179 - MimiPenguin"
  },
  {
    "software_id": "S0180",
    "software_name": "Volgmer",
    "platforms": [
      "Windows"
    ],
    "autosuggest": "S0180 - Volgmer"
  },
  {
    "software_id": "S0181",
    "software_name": "FALLCHILL",
    "platforms": [
      "Windows"
    ],
    "autosuggest": "S0181 - FALLCHILL"
  },
  {
    "software_id": "S0182",
    "software_name": "FinFisher",
    "platforms": [
      "Android",
      "Windows"
    ],
    "autosuggest": "S0182 - FinFisher"
  },
  {
    "software_id": "S0183",
    "software_name": "Tor",
    "platforms": [
      "Linux",
      "Windows",
      "macOS"
    ],
    "autosuggest": "S0183 - Tor"
  },
  {
    "software_id": "S0184",
    "software_name": "POWRUNER",
    "platforms": [
      "Windows"
    ],
    "autosuggest": "S0184 - POWRUNER"
  },
  {
    "software_id": "S0185",
    "software_name": "SEASHARPEE",
    "platforms": [
      "Windows"
    ],
    "autosuggest": "S0185 - SEASHARPEE"
  },
  {
    "software_id": "S0186",
    "software_name": "DownPaper",
    "platforms": [
      "Windows"
    ],
    "autosuggest": "S0186 - DownPaper"
  },
  {
    "software_id": "S0187",
    "software_name": "Daserf",
    "platforms": [
      "Windows"
    ],
    "autosuggest": "S0187 - Daserf"
  },
  {
    "software_id": "S0188",
    "software_name": "Starloader",
    "platforms": [
      "Windows"
    ],
    "autosuggest": "S0188 - Starloader"
  },
  {
    "software_id": "S0189",
    "software_name": "ISMInjector",
    "platforms": [
      "Windows"
    ],
    "autosuggest": "S0189 - ISMInjector"
  },
  {
    "software_id": "S0190",
    "software_name": "BITSAdmin",
    "platforms": [
      "Windows"
    ],
    "autosuggest": "S0190 - BITSAdmin"
  },
  {
    "software_id": "S0191",
    "software_name": "Winexe",
    "platforms": [
      "Windows"
    ],
    "autosuggest": "S0191 - Winexe"
  },
  {
    "software_id": "S0192",
    "software_name": "Pupy",
    "platforms": [
      "Android",
      "Linux",
      "Windows",
      "macOS"
    ],
    "autosuggest": "S0192 - Pupy"
  },
  {
    "software_id": "S0193",
    "software_name": "Forfiles",
    "platforms": [
      "Windows"
    ],
    "autosuggest": "S0193 - Forfiles"
  },
  {
    "software_id": "S0194",
    "software_name": "PowerSploit",
    "platforms": [
      "Windows"
    ],
    "autosuggest": "S0194 - PowerSploit"
  },
  {
    "software_id": "S0195",
    "software_name": "SDelete",
    "platforms": [
      "Windows"
    ],
    "autosuggest": "S0195 - SDelete"
  },
  {
    "software_id": "S0196",
    "software_name": "PUNCHBUGGY",
    "platforms": [
      "Windows"
    ],
    "autosuggest": "S0196 - PUNCHBUGGY"
  },
  {
    "software_id": "S0197",
    "software_name": "PUNCHTRACK",
    "platforms": [
      "Windows"
    ],
    "autosuggest": "S0197 - PUNCHTRACK"
  },
  {
    "software_id": "S0198",
    "software_name": "NETWIRE",
    "platforms": [
      "Linux",
      "Windows",
      "macOS"
    ],
    "autosuggest": "S0198 - NETWIRE"
  },
  {
    "software_id": "S0199",
    "software_name": "TURNEDUP",
    "platforms": [
      "Windows"
    ],
    "autosuggest": "S0199 - TURNEDUP"
  },
  {
    "software_id": "S0200",
    "software_name": "Dipsind",
    "platforms": [
      "Windows"
    ],
    "autosuggest": "S0200 - Dipsind"
  },
  {
    "software_id": "S0201",
    "software_name": "JPIN",
    "platforms": [
      "Windows"
    ],
    "autosuggest": "S0201 - JPIN"
  },
  {
    "software_id": "S0202",
    "software_name": "adbupd",
    "platforms": [
      "Windows"
    ],
    "autosuggest": "S0202 - adbupd"
  },
  {
    "software_id": "S0203",
    "software_name": "Hydraq",
    "platforms": [
      "Windows"
    ],
    "autosuggest": "S0203 - Hydraq"
  },
  {
    "software_id": "S0204",
    "software_name": "Briba",
    "platforms": [
      "Windows"
    ],
    "autosuggest": "S0204 - Briba"
  },
  {
    "software_id": "S0205",
    "software_name": "Naid",
    "platforms": [
      "Windows"
    ],
    "autosuggest": "S0205 - Naid"
  },
  {
    "software_id": "S0206",
    "software_name": "Wiarp",
    "platforms": [
      "Windows"
    ],
    "autosuggest": "S0206 - Wiarp"
  },
  {
    "software_id": "S0207",
    "software_name": "Vasport",
    "platforms": [
      "Windows"
    ],
    "autosuggest": "S0207 - Vasport"
  },
  {
    "software_id": "S0208",
    "software_name": "Pasam",
    "platforms": [
      "Windows"
    ],
    "autosuggest": "S0208 - Pasam"
  },
  {
    "software_id": "S0209",
    "software_name": "Darkmoon",
    "platforms": [
      "AWS",
      "Azure",
      "Azure AD",
      "GCP",
      "Linux",
      "Network",
      "Office 365",
      "PRE",
      "SaaS",
      "Windows",
      "macOS"
    ],
    "autosuggest": "S0209 - Darkmoon"
  },
  {
    "software_id": "S0210",
    "software_name": "Nerex",
    "platforms": [
      "Windows"
    ],
    "autosuggest": "S0210 - Nerex"
  },
  {
    "software_id": "S0211",
    "software_name": "Linfo",
    "platforms": [
      "Windows"
    ],
    "autosuggest": "S0211 - Linfo"
  },
  {
    "software_id": "S0212",
    "software_name": "CORALDECK",
    "platforms": [
      "Windows"
    ],
    "autosuggest": "S0212 - CORALDECK"
  },
  {
    "software_id": "S0213",
    "software_name": "DOGCALL",
    "platforms": [
      "Windows"
    ],
    "autosuggest": "S0213 - DOGCALL"
  },
  {
    "software_id": "S0214",
    "software_name": "HAPPYWORK",
    "platforms": [
      "Windows"
    ],
    "autosuggest": "S0214 - HAPPYWORK"
  },
  {
    "software_id": "S0215",
    "software_name": "KARAE",
    "platforms": [
      "Windows"
    ],
    "autosuggest": "S0215 - KARAE"
  },
  {
    "software_id": "S0216",
    "software_name": "POORAIM",
    "platforms": [
      "Windows"
    ],
    "autosuggest": "S0216 - POORAIM"
  },
  {
    "software_id": "S0217",
    "software_name": "SHUTTERSPEED",
    "platforms": [
      "Windows"
    ],
    "autosuggest": "S0217 - SHUTTERSPEED"
  },
  {
    "software_id": "S0218",
    "software_name": "SLOWDRIFT",
    "platforms": [
      "Windows"
    ],
    "autosuggest": "S0218 - SLOWDRIFT"
  },
  {
    "software_id": "S0219",
    "software_name": "WINERACK",
    "platforms": [
      "Windows"
    ],
    "autosuggest": "S0219 - WINERACK"
  },
  {
    "software_id": "S0220",
    "software_name": "Chaos",
    "platforms": [
      "Linux"
    ],
    "autosuggest": "S0220 - Chaos"
  },
  {
    "software_id": "S0221",
    "software_name": "Umbreon",
    "platforms": [
      "Linux"
    ],
    "autosuggest": "S0221 - Umbreon"
  },
  {
    "software_id": "S0222",
    "software_name": "CCBkdr",
    "platforms": [
      "Windows"
    ],
    "autosuggest": "S0222 - CCBkdr"
  },
  {
    "software_id": "S0223",
    "software_name": "POWERSTATS",
    "platforms": [
      "Windows"
    ],
    "autosuggest": "S0223 - POWERSTATS"
  },
  {
    "software_id": "S0224",
    "software_name": "Havij",
    "platforms": [
      "Linux",
      "Windows",
      "macOS"
    ],
    "autosuggest": "S0224 - Havij"
  },
  {
    "software_id": "S0225",
    "software_name": "sqlmap",
    "platforms": [
      "Linux",
      "Windows",
      "macOS"
    ],
    "autosuggest": "S0225 - sqlmap"
  },
  {
    "software_id": "S0226",
    "software_name": "Smoke Loader",
    "platforms": [
      "Windows"
    ],
    "autosuggest": "S0226 - Smoke Loader"
  },
  {
    "software_id": "S0227",
    "software_name": "spwebmember",
    "platforms": [
      "Windows"
    ],
    "autosuggest": "S0227 - spwebmember"
  },
  {
    "software_id": "S0228",
    "software_name": "NanHaiShu",
    "platforms": [
      "Windows"
    ],
    "autosuggest": "S0228 - NanHaiShu"
  },
  {
    "software_id": "S0229",
    "software_name": "Orz",
    "platforms": [
      "Windows"
    ],
    "autosuggest": "S0229 - Orz"
  },
  {
    "software_id": "S0230",
    "software_name": "ZeroT",
    "platforms": [
      "Windows"
    ],
    "autosuggest": "S0230 - ZeroT"
  },
  {
    "software_id": "S0231",
    "software_name": "Invoke-PSImage",
    "platforms": [
      "Windows"
    ],
    "autosuggest": "S0231 - Invoke-PSImage"
  },
  {
    "software_id": "S0232",
    "software_name": "HOMEFRY",
    "platforms": [
      "Windows"
    ],
    "autosuggest": "S0232 - HOMEFRY"
  },
  {
    "software_id": "S0233",
    "software_name": "MURKYTOP",
    "platforms": [
      "Windows"
    ],
    "autosuggest": "S0233 - MURKYTOP"
  },
  {
    "software_id": "S0234",
    "software_name": "Bandook",
    "platforms": [
      "Windows"
    ],
    "autosuggest": "S0234 - Bandook"
  },
  {
    "software_id": "S0235",
    "software_name": "CrossRAT",
    "platforms": [
      "Linux",
      "Windows",
      "macOS"
    ],
    "autosuggest": "S0235 - CrossRAT"
  },
  {
    "software_id": "S0236",
    "software_name": "Kwampirs",
    "platforms": [
      "Windows"
    ],
    "autosuggest": "S0236 - Kwampirs"
  },
  {
    "software_id": "S0237",
    "software_name": "GravityRAT",
    "platforms": [
      "Windows"
    ],
    "autosuggest": "S0237 - GravityRAT"
  },
  {
    "software_id": "S0238",
    "software_name": "Proxysvc",
    "platforms": [
      "Windows"
    ],
    "autosuggest": "S0238 - Proxysvc"
  },
  {
    "software_id": "S0239",
    "software_name": "Bankshot",
    "platforms": [
      "Windows"
    ],
    "autosuggest": "S0239 - Bankshot"
  },
  {
    "software_id": "S0240",
    "software_name": "ROKRAT",
    "platforms": [
      "Windows"
    ],
    "autosuggest": "S0240 - ROKRAT"
  },
  {
    "software_id": "S0241",
    "software_name": "RATANKBA",
    "platforms": [
      "Windows"
    ],
    "autosuggest": "S0241 - RATANKBA"
  },
  {
    "software_id": "S0242",
    "software_name": "SynAck",
    "platforms": [
      "Windows"
    ],
    "autosuggest": "S0242 - SynAck"
  },
  {
    "software_id": "S0243",
    "software_name": "DealersChoice",
    "platforms": [
      "Windows"
    ],
    "autosuggest": "S0243 - DealersChoice"
  },
  {
    "software_id": "S0244",
    "software_name": "Comnie",
    "platforms": [
      "Windows"
    ],
    "autosuggest": "S0244 - Comnie"
  },
  {
    "software_id": "S0245",
    "software_name": "BADCALL",
    "platforms": [
      "Windows"
    ],
    "autosuggest": "S0245 - BADCALL"
  },
  {
    "software_id": "S0246",
    "software_name": "HARDRAIN",
    "platforms": [
      "Windows"
    ],
    "autosuggest": "S0246 - HARDRAIN"
  },
  {
    "software_id": "S0247",
    "software_name": "NavRAT",
    "platforms": [
      "Windows"
    ],
    "autosuggest": "S0247 - NavRAT"
  },
  {
    "software_id": "S0248",
    "software_name": "yty",
    "platforms": [
      "Windows"
    ],
    "autosuggest": "S0248 - yty"
  },
  {
    "software_id": "S0249",
    "software_name": "Gold Dragon",
    "platforms": [
      "Windows"
    ],
    "autosuggest": "S0249 - Gold Dragon"
  },
  {
    "software_id": "S0250",
    "software_name": "Koadic",
    "platforms": [
      "Windows"
    ],
    "autosuggest": "S0250 - Koadic"
  },
  {
    "software_id": "S0251",
    "software_name": "Zebrocy",
    "platforms": [
      "Windows"
    ],
    "autosuggest": "S0251 - Zebrocy"
  },
  {
    "software_id": "S0252",
    "software_name": "Brave Prince",
    "platforms": [
      "Windows"
    ],
    "autosuggest": "S0252 - Brave Prince"
  },
  {
    "software_id": "S0253",
    "software_name": "RunningRAT",
    "platforms": [
      "Windows"
    ],
    "autosuggest": "S0253 - RunningRAT"
  },
  {
    "software_id": "S0254",
    "software_name": "PLAINTEE",
    "platforms": [
      "Windows"
    ],
    "autosuggest": "S0254 - PLAINTEE"
  },
  {
    "software_id": "S0255",
    "software_name": "DDKONG",
    "platforms": [
      "Windows"
    ],
    "autosuggest": "S0255 - DDKONG"
  },
  {
    "software_id": "S0256",
    "software_name": "Mosquito",
    "platforms": [
      "Windows"
    ],
    "autosuggest": "S0256 - Mosquito"
  },
  {
    "software_id": "S0257",
    "software_name": "VERMIN",
    "platforms": [
      "Windows"
    ],
    "autosuggest": "S0257 - VERMIN"
  },
  {
    "software_id": "S0258",
    "software_name": "RGDoor",
    "platforms": [
      "Windows"
    ],
    "autosuggest": "S0258 - RGDoor"
  },
  {
    "software_id": "S0259",
    "software_name": "InnaputRAT",
    "platforms": [
      "Windows"
    ],
    "autosuggest": "S0259 - InnaputRAT"
  },
  {
    "software_id": "S0260",
    "software_name": "InvisiMole",
    "platforms": [
      "Windows"
    ],
    "autosuggest": "S0260 - InvisiMole"
  },
  {
    "software_id": "S0261",
    "software_name": "Catchamas",
    "platforms": [
      "Windows"
    ],
    "autosuggest": "S0261 - Catchamas"
  },
  {
    "software_id": "S0262",
    "software_name": "QuasarRAT",
    "platforms": [
      "Windows"
    ],
    "autosuggest": "S0262 - QuasarRAT"
  },
  {
    "software_id": "S0263",
    "software_name": "TYPEFRAME",
    "platforms": [
      "Windows"
    ],
    "autosuggest": "S0263 - TYPEFRAME"
  },
  {
    "software_id": "S0264",
    "software_name": "OopsIE",
    "platforms": [
      "Windows"
    ],
    "autosuggest": "S0264 - OopsIE"
  },
  {
    "software_id": "S0265",
    "software_name": "Kazuar",
    "platforms": [
      "Windows",
      "macOS"
    ],
    "autosuggest": "S0265 - Kazuar"
  },
  {
    "software_id": "S0266",
    "software_name": "TrickBot",
    "platforms": [
      "Windows"
    ],
    "autosuggest": "S0266 - TrickBot"
  },
  {
    "software_id": "S0267",
    "software_name": "FELIXROOT",
    "platforms": [
      "Windows"
    ],
    "autosuggest": "S0267 - FELIXROOT"
  },
  {
    "software_id": "S0268",
    "software_name": "Bisonal",
    "platforms": [
      "Windows"
    ],
    "autosuggest": "S0268 - Bisonal"
  },
  {
    "software_id": "S0269",
    "software_name": "QUADAGENT",
    "platforms": [
      "Windows"
    ],
    "autosuggest": "S0269 - QUADAGENT"
  },
  {
    "software_id": "S0270",
    "software_name": "RogueRobin",
    "platforms": [
      "Windows"
    ],
    "autosuggest": "S0270 - RogueRobin"
  },
  {
    "software_id": "S0271",
    "software_name": "KEYMARBLE",
    "platforms": [
      "Windows"
    ],
    "autosuggest": "S0271 - KEYMARBLE"
  },
  {
    "software_id": "S0272",
    "software_name": "NDiskMonitor",
    "platforms": [
      "Windows"
    ],
    "autosuggest": "S0272 - NDiskMonitor"
  },
  {
    "software_id": "S0273",
    "software_name": "Socksbot",
    "platforms": [
      "Windows"
    ],
    "autosuggest": "S0273 - Socksbot"
  },
  {
    "software_id": "S0274",
    "software_name": "Calisto",
    "platforms": [
      "macOS"
    ],
    "autosuggest": "S0274 - Calisto"
  },
  {
    "software_id": "S0275",
    "software_name": "UPPERCUT",
    "platforms": [
      "Windows"
    ],
    "autosuggest": "S0275 - UPPERCUT"
  },
  {
    "software_id": "S0276",
    "software_name": "Keydnap",
    "platforms": [
      "macOS"
    ],
    "autosuggest": "S0276 - Keydnap"
  },
  {
    "software_id": "S0277",
    "software_name": "FruitFly",
    "platforms": [
      "macOS"
    ],
    "autosuggest": "S0277 - FruitFly"
  },
  {
    "software_id": "S0278",
    "software_name": "iKitten",
    "platforms": [
      "macOS"
    ],
    "autosuggest": "S0278 - iKitten"
  },
  {
    "software_id": "S0279",
    "software_name": "Proton",
    "platforms": [
      "macOS"
    ],
    "autosuggest": "S0279 - Proton"
  },
  {
    "software_id": "S0280",
    "software_name": "MirageFox",
    "platforms": [
      "Windows"
    ],
    "autosuggest": "S0280 - MirageFox"
  },
  {
    "software_id": "S0281",
    "software_name": "Dok",
    "platforms": [
      "macOS"
    ],
    "autosuggest": "S0281 - Dok"
  },
  {
    "software_id": "S0282",
    "software_name": "MacSpy",
    "platforms": [
      "macOS"
    ],
    "autosuggest": "S0282 - MacSpy"
  },
  {
    "software_id": "S0283",
    "software_name": "jRAT",
    "platforms": [
      "Android",
      "Linux",
      "Windows",
      "macOS"
    ],
    "autosuggest": "S0283 - jRAT"
  },
  {
    "software_id": "S0284",
    "software_name": "More_eggs",
    "platforms": [
      "Windows"
    ],
    "autosuggest": "S0284 - More_eggs"
  },
  {
    "software_id": "S0330",
    "software_name": "Zeus Panda",
    "platforms": [
      "Windows"
    ],
    "autosuggest": "S0330 - Zeus Panda"
  },
  {
    "software_id": "S0331",
    "software_name": "Agent Tesla",
    "platforms": [
      "Windows"
    ],
    "autosuggest": "S0331 - Agent Tesla"
  },
  {
    "software_id": "S0332",
    "software_name": "Remcos",
    "platforms": [
      "Windows"
    ],
    "autosuggest": "S0332 - Remcos"
  },
  {
    "software_id": "S0333",
    "software_name": "UBoatRAT",
    "platforms": [
      "Windows"
    ],
    "autosuggest": "S0333 - UBoatRAT"
  },
  {
    "software_id": "S0334",
    "software_name": "DarkComet",
    "platforms": [
      "Windows"
    ],
    "autosuggest": "S0334 - DarkComet"
  },
  {
    "software_id": "S0335",
    "software_name": "Carbon",
    "platforms": [
      "Windows"
    ],
    "autosuggest": "S0335 - Carbon"
  },
  {
    "software_id": "S0336",
    "software_name": "NanoCore",
    "platforms": [
      "Windows"
    ],
    "autosuggest": "S0336 - NanoCore"
  },
  {
    "software_id": "S0337",
    "software_name": "BadPatch",
    "platforms": [
      "Windows"
    ],
    "autosuggest": "S0337 - BadPatch"
  },
  {
    "software_id": "S0338",
    "software_name": "Cobian RAT",
    "platforms": [
      "Windows"
    ],
    "autosuggest": "S0338 - Cobian RAT"
  },
  {
    "software_id": "S0339",
    "software_name": "Micropsia",
    "platforms": [
      "Windows"
    ],
    "autosuggest": "S0339 - Micropsia"
  },
  {
    "software_id": "S0340",
    "software_name": "Octopus",
    "platforms": [
      "Windows"
    ],
    "autosuggest": "S0340 - Octopus"
  },
  {
    "software_id": "S0341",
    "software_name": "Xbash",
    "platforms": [
      "Linux",
      "Windows"
    ],
    "autosuggest": "S0341 - Xbash"
  },
  {
    "software_id": "S0342",
    "software_name": "GreyEnergy",
    "platforms": [
      "Windows"
    ],
    "autosuggest": "S0342 - GreyEnergy"
  },
  {
    "software_id": "S0343",
    "software_name": "Exaramel for Windows",
    "platforms": [
      "Windows"
    ],
    "autosuggest": "S0343 - Exaramel for Windows"
  },
  {
    "software_id": "S0344",
    "software_name": "Azorult",
    "platforms": [
      "Windows"
    ],
    "autosuggest": "S0344 - Azorult"
  },
  {
    "software_id": "S0345",
    "software_name": "Seasalt",
    "platforms": [
      "Windows"
    ],
    "autosuggest": "S0345 - Seasalt"
  },
  {
    "software_id": "S0346",
    "software_name": "OceanSalt",
    "platforms": [
      "Windows"
    ],
    "autosuggest": "S0346 - OceanSalt"
  },
  {
    "software_id": "S0347",
    "software_name": "AuditCred",
    "platforms": [
      "Windows"
    ],
    "autosuggest": "S0347 - AuditCred"
  },
  {
    "software_id": "S0348",
    "software_name": "Cardinal RAT",
    "platforms": [
      "Windows"
    ],
    "autosuggest": "S0348 - Cardinal RAT"
  },
  {
    "software_id": "S0349",
    "software_name": "LaZagne",
    "platforms": [
      "Linux",
      "Windows",
      "macOS"
    ],
    "autosuggest": "S0349 - LaZagne"
  },
  {
    "software_id": "S0350",
    "software_name": "zwShell",
    "platforms": [
      "Windows"
    ],
    "autosuggest": "S0350 - zwShell"
  },
  {
    "software_id": "S0351",
    "software_name": "Cannon",
    "platforms": [
      "Windows"
    ],
    "autosuggest": "S0351 - Cannon"
  },
  {
    "software_id": "S0352",
    "software_name": "OSX_OCEANLOTUS.D",
    "platforms": [
      "macOS"
    ],
    "autosuggest": "S0352 - OSX_OCEANLOTUS.D"
  },
  {
    "software_id": "S0353",
    "software_name": "NOKKI",
    "platforms": [
      "Windows"
    ],
    "autosuggest": "S0353 - NOKKI"
  },
  {
    "software_id": "S0354",
    "software_name": "Denis",
    "platforms": [
      "Windows"
    ],
    "autosuggest": "S0354 - Denis"
  },
  {
    "software_id": "S0355",
    "software_name": "Final1stspy",
    "platforms": [
      "Windows"
    ],
    "autosuggest": "S0355 - Final1stspy"
  },
  {
    "software_id": "S0356",
    "software_name": "KONNI",
    "platforms": [
      "Windows"
    ],
    "autosuggest": "S0356 - KONNI"
  },
  {
    "software_id": "S0357",
    "software_name": "Impacket",
    "platforms": [
      "Linux",
      "Windows",
      "macOS"
    ],
    "autosuggest": "S0357 - Impacket"
  },
  {
    "software_id": "S0358",
    "software_name": "Ruler",
    "platforms": [
      "Office 365",
      "Windows"
    ],
    "autosuggest": "S0358 - Ruler"
  },
  {
    "software_id": "S0359",
    "software_name": "Nltest",
    "platforms": [
      "Windows"
    ],
    "autosuggest": "S0359 - Nltest"
  },
  {
    "software_id": "S0360",
    "software_name": "BONDUPDATER",
    "platforms": [
      "Windows"
    ],
    "autosuggest": "S0360 - BONDUPDATER"
  },
  {
    "software_id": "S0361",
    "software_name": "Expand",
    "platforms": [
      "Windows"
    ],
    "autosuggest": "S0361 - Expand"
  },
  {
    "software_id": "S0362",
    "software_name": "Linux Rabbit",
    "platforms": [
      "Linux"
    ],
    "autosuggest": "S0362 - Linux Rabbit"
  },
  {
    "software_id": "S0363",
    "software_name": "Empire",
    "platforms": [
      "Linux",
      "Windows",
      "macOS"
    ],
    "autosuggest": "S0363 - Empire"
  },
  {
    "software_id": "S0364",
    "software_name": "RawDisk",
    "platforms": [
      "Windows"
    ],
    "autosuggest": "S0364 - RawDisk"
  },
  {
    "software_id": "S0365",
    "software_name": "Olympic Destroyer",
    "platforms": [
      "Windows"
    ],
    "autosuggest": "S0365 - Olympic Destroyer"
  },
  {
    "software_id": "S0366",
    "software_name": "WannaCry",
    "platforms": [
      "Windows"
    ],
    "autosuggest": "S0366 - WannaCry"
  },
  {
    "software_id": "S0367",
    "software_name": "Emotet",
    "platforms": [
      "Windows"
    ],
    "autosuggest": "S0367 - Emotet"
  },
  {
    "software_id": "S0368",
    "software_name": "NotPetya",
    "platforms": [
      "Windows"
    ],
    "autosuggest": "S0368 - NotPetya"
  },
  {
    "software_id": "S0369",
    "software_name": "CoinTicker",
    "platforms": [
      "macOS"
    ],
    "autosuggest": "S0369 - CoinTicker"
  },
  {
    "software_id": "S0370",
    "software_name": "SamSam",
    "platforms": [
      "Windows"
    ],
    "autosuggest": "S0370 - SamSam"
  },
  {
    "software_id": "S0371",
    "software_name": "POWERTON",
    "platforms": [
      "Windows"
    ],
    "autosuggest": "S0371 - POWERTON"
  },
  {
    "software_id": "S0372",
    "software_name": "LockerGoga",
    "platforms": [
      "Windows"
    ],
    "autosuggest": "S0372 - LockerGoga"
  },
  {
    "software_id": "S0373",
    "software_name": "Astaroth",
    "platforms": [
      "Windows"
    ],
    "autosuggest": "S0373 - Astaroth"
  },
  {
    "software_id": "S0374",
    "software_name": "SpeakUp",
    "platforms": [
      "Linux",
      "macOS"
    ],
    "autosuggest": "S0374 - SpeakUp"
  },
  {
    "software_id": "S0375",
    "software_name": "Remexi",
    "platforms": [
      "Windows"
    ],
    "autosuggest": "S0375 - Remexi"
  },
  {
    "software_id": "S0376",
    "software_name": "HOPLIGHT",
    "platforms": [
      "Windows"
    ],
    "autosuggest": "S0376 - HOPLIGHT"
  },
  {
    "software_id": "S0377",
    "software_name": "Ebury",
    "platforms": [
      "Linux"
    ],
    "autosuggest": "S0377 - Ebury"
  },
  {
    "software_id": "S0378",
    "software_name": "PoshC2",
    "platforms": [
      "Linux",
      "Windows",
      "macOS"
    ],
    "autosuggest": "S0378 - PoshC2"
  },
  {
    "software_id": "S0379",
    "software_name": "Revenge RAT",
    "platforms": [
      "Windows"
    ],
    "autosuggest": "S0379 - Revenge RAT"
  },
  {
    "software_id": "S0380",
    "software_name": "StoneDrill",
    "platforms": [
      "Windows"
    ],
    "autosuggest": "S0380 - StoneDrill"
  },
  {
    "software_id": "S0381",
    "software_name": "FlawedAmmyy",
    "platforms": [
      "Windows"
    ],
    "autosuggest": "S0381 - FlawedAmmyy"
  },
  {
    "software_id": "S0382",
    "software_name": "ServHelper",
    "platforms": [
      "Windows"
    ],
    "autosuggest": "S0382 - ServHelper"
  },
  {
    "software_id": "S0383",
    "software_name": "FlawedGrace",
    "platforms": [
      "Windows"
    ],
    "autosuggest": "S0383 - FlawedGrace"
  },
  {
    "software_id": "S0384",
    "software_name": "Dridex",
    "platforms": [
      "Windows"
    ],
    "autosuggest": "S0384 - Dridex"
  },
  {
    "software_id": "S0385",
    "software_name": "njRAT",
    "platforms": [
      "Windows"
    ],
    "autosuggest": "S0385 - njRAT"
  },
  {
    "software_id": "S0386",
    "software_name": "Ursnif",
    "platforms": [
      "Windows"
    ],
    "autosuggest": "S0386 - Ursnif"
  },
  {
    "software_id": "S0387",
    "software_name": "KeyBoy",
    "platforms": [
      "Windows"
    ],
    "autosuggest": "S0387 - KeyBoy"
  },
  {
    "software_id": "S0388",
    "software_name": "YAHOYAH",
    "platforms": [
      "Windows"
    ],
    "autosuggest": "S0388 - YAHOYAH"
  },
  {
    "software_id": "S0389",
    "software_name": "JCry",
    "platforms": [
      "AWS",
      "Azure",
      "Azure AD",
      "GCP",
      "Linux",
      "Network",
      "Office 365",
      "PRE",
      "SaaS",
      "Windows",
      "macOS"
    ],
    "autosuggest": "S0389 - JCry"
  },
  {
    "software_id": "S0390",
    "software_name": "SQLRat",
    "platforms": [
      "AWS",
      "Azure",
      "Azure AD",
      "GCP",
      "Linux",
      "Network",
      "Office 365",
      "PRE",
      "SaaS",
      "Windows",
      "macOS"
    ],
    "autosuggest": "S0390 - SQLRat"
  },
  {
    "software_id": "S0391",
    "software_name": "HAWKBALL",
    "platforms": [
      "Windows"
    ],
    "autosuggest": "S0391 - HAWKBALL"
  },
  {
    "software_id": "S0393",
    "software_name": "PowerStallion",
    "platforms": [
      "Windows"
    ],
    "autosuggest": "S0393 - PowerStallion"
  },
  {
    "software_id": "S0394",
    "software_name": "HiddenWasp",
    "platforms": [
      "Linux"
    ],
    "autosuggest": "S0394 - HiddenWasp"
  },
  {
    "software_id": "S0395",
    "software_name": "LightNeuron",
    "platforms": [
      "Linux",
      "Windows"
    ],
    "autosuggest": "S0395 - LightNeuron"
  },
  {
    "software_id": "S0396",
    "software_name": "EvilBunny",
    "platforms": [
      "Windows"
    ],
    "autosuggest": "S0396 - EvilBunny"
  },
  {
    "software_id": "S0397",
    "software_name": "LoJax",
    "platforms": [
      "Windows"
    ],
    "autosuggest": "S0397 - LoJax"
  },
  {
    "software_id": "S0398",
    "software_name": "HyperBro",
    "platforms": [
      "Windows"
    ],
    "autosuggest": "S0398 - HyperBro"
  },
  {
    "software_id": "S0400",
    "software_name": "RobbinHood",
    "platforms": [
      "Windows"
    ],
    "autosuggest": "S0400 - RobbinHood"
  },
  {
    "software_id": "S0401",
    "software_name": "Exaramel for Linux",
    "platforms": [
      "Linux"
    ],
    "autosuggest": "S0401 - Exaramel for Linux"
  },
  {
    "software_id": "S0402",
    "software_name": "OSX/Shlayer",
    "platforms": [
      "macOS"
    ],
    "autosuggest": "S0402 - OSX/Shlayer"
  },
  {
    "software_id": "S0404",
    "software_name": "esentutl",
    "platforms": [
      "Windows"
    ],
    "autosuggest": "S0404 - esentutl"
  },
  {
    "software_id": "S0409",
    "software_name": "Machete",
    "platforms": [
      "Windows"
    ],
    "autosuggest": "S0409 - Machete"
  },
  {
    "software_id": "S0410",
    "software_name": "Fysbis",
    "platforms": [
      "Linux"
    ],
    "autosuggest": "S0410 - Fysbis"
  },
  {
    "software_id": "S0412",
    "software_name": "ZxShell",
    "platforms": [
      "Windows"
    ],
    "autosuggest": "S0412 - ZxShell"
  },
  {
    "software_id": "S0413",
    "software_name": "MailSniper",
    "platforms": [
      "Azure AD",
      "Office 365",
      "Windows"
    ],
    "autosuggest": "S0413 - MailSniper"
  },
  {
    "software_id": "S0414",
    "software_name": "BabyShark",
    "platforms": [
      "Windows"
    ],
    "autosuggest": "S0414 - BabyShark"
  },
  {
    "software_id": "S0415",
    "software_name": "BOOSTWRITE",
    "platforms": [
      "Windows"
    ],
    "autosuggest": "S0415 - BOOSTWRITE"
  },
  {
    "software_id": "S0416",
    "software_name": "RDFSNIFFER",
    "platforms": [
      "Windows"
    ],
    "autosuggest": "S0416 - RDFSNIFFER"
  },
  {
    "software_id": "S0417",
    "software_name": "GRIFFON",
    "platforms": [
      "Windows"
    ],
    "autosuggest": "S0417 - GRIFFON"
  },
  {
    "software_id": "S0428",
    "software_name": "PoetRAT",
    "platforms": [
      "Windows"
    ],
    "autosuggest": "S0428 - PoetRAT"
  },
  {
    "software_id": "S0430",
    "software_name": "Winnti for Linux",
    "platforms": [
      "Linux"
    ],
    "autosuggest": "S0430 - Winnti for Linux"
  },
  {
    "software_id": "S0431",
    "software_name": "HotCroissant",
    "platforms": [
      "Windows"
    ],
    "autosuggest": "S0431 - HotCroissant"
  },
  {
    "software_id": "S0433",
    "software_name": "Rifdoor",
    "platforms": [
      "Windows"
    ],
    "autosuggest": "S0433 - Rifdoor"
  },
  {
    "software_id": "S0434",
    "software_name": "Imminent Monitor",
    "platforms": [
      "Windows"
    ],
    "autosuggest": "S0434 - Imminent Monitor"
  },
  {
    "software_id": "S0435",
    "software_name": "PLEAD",
    "platforms": [
      "Windows"
    ],
    "autosuggest": "S0435 - PLEAD"
  },
  {
    "software_id": "S0436",
    "software_name": "TSCookie",
    "platforms": [
      "Windows"
    ],
    "autosuggest": "S0436 - TSCookie"
  },
  {
    "software_id": "S0437",
    "software_name": "Kivars",
    "platforms": [
      "Windows"
    ],
    "autosuggest": "S0437 - Kivars"
  },
  {
    "software_id": "S0438",
    "software_name": "Attor",
    "platforms": [
      "Windows"
    ],
    "autosuggest": "S0438 - Attor"
  },
  {
    "software_id": "S0439",
    "software_name": "Okrum",
    "platforms": [
      "Windows"
    ],
    "autosuggest": "S0439 - Okrum"
  },
  {
    "software_id": "S0441",
    "software_name": "PowerShower",
    "platforms": [
      "Windows"
    ],
    "autosuggest": "S0441 - PowerShower"
  },
  {
    "software_id": "S0442",
    "software_name": "VBShower",
    "platforms": [
      "Windows"
    ],
    "autosuggest": "S0442 - VBShower"
  },
  {
    "software_id": "S0443",
    "software_name": "MESSAGETAP",
    "platforms": [
      "Linux"
    ],
    "autosuggest": "S0443 - MESSAGETAP"
  },
  {
    "software_id": "S0444",
    "software_name": "ShimRat",
    "platforms": [
      "Windows"
    ],
    "autosuggest": "S0444 - ShimRat"
  },
  {
    "software_id": "S0445",
    "software_name": "ShimRatReporter",
    "platforms": [
      "Windows"
    ],
    "autosuggest": "S0445 - ShimRatReporter"
  },
  {
    "software_id": "S0446",
    "software_name": "Ryuk",
    "platforms": [
      "Windows"
    ],
    "autosuggest": "S0446 - Ryuk"
  },
  {
    "software_id": "S0447",
    "software_name": "Lokibot",
    "platforms": [
      "Windows"
    ],
    "autosuggest": "S0447 - Lokibot"
  },
  {
    "software_id": "S0448",
    "software_name": "Rising Sun",
    "platforms": [
      "Windows"
    ],
    "autosuggest": "S0448 - Rising Sun"
  },
  {
    "software_id": "S0449",
    "software_name": "Maze",
    "platforms": [
      "Windows"
    ],
    "autosuggest": "S0449 - Maze"
  },
  {
    "software_id": "S0450",
    "software_name": "SHARPSTATS",
    "platforms": [
      "Windows"
    ],
    "autosuggest": "S0450 - SHARPSTATS"
  },
  {
    "software_id": "S0451",
    "software_name": "LoudMiner",
    "platforms": [
      "Windows",
      "macOS"
    ],
    "autosuggest": "S0451 - LoudMiner"
  },
  {
    "software_id": "S0452",
    "software_name": "USBferry",
    "platforms": [
      "Windows"
    ],
    "autosuggest": "S0452 - USBferry"
  },
  {
    "software_id": "S0453",
    "software_name": "Pony",
    "platforms": [
      "Windows"
    ],
    "autosuggest": "S0453 - Pony"
  },
  {
    "software_id": "S0454",
    "software_name": "Cadelspy",
    "platforms": [
      "Windows"
    ],
    "autosuggest": "S0454 - Cadelspy"
  },
  {
    "software_id": "S0455",
    "software_name": "Metamorfo",
    "platforms": [
      "Windows"
    ],
    "autosuggest": "S0455 - Metamorfo"
  },
  {
    "software_id": "S0456",
    "software_name": "Aria-body",
    "platforms": [
      "Windows"
    ],
    "autosuggest": "S0456 - Aria-body"
  },
  {
    "software_id": "S0457",
    "software_name": "Netwalker",
    "platforms": [
      "Windows"
    ],
    "autosuggest": "S0457 - Netwalker"
  },
  {
    "software_id": "S0458",
    "software_name": "Ramsay",
    "platforms": [
      "Windows"
    ],
    "autosuggest": "S0458 - Ramsay"
  },
  {
    "software_id": "S0459",
    "software_name": "MechaFlounder",
    "platforms": [
      "Windows"
    ],
    "autosuggest": "S0459 - MechaFlounder"
  },
  {
    "software_id": "S0460",
    "software_name": "Get2",
    "platforms": [
      "Windows"
    ],
    "autosuggest": "S0460 - Get2"
  },
  {
    "software_id": "S0461",
    "software_name": "SDBbot",
    "platforms": [
      "Windows"
    ],
    "autosuggest": "S0461 - SDBbot"
  },
  {
    "software_id": "S0462",
    "software_name": "CARROTBAT",
    "platforms": [
      "Windows"
    ],
    "autosuggest": "S0462 - CARROTBAT"
  },
  {
    "software_id": "S0464",
    "software_name": "SYSCON",
    "platforms": [
      "Windows"
    ],
    "autosuggest": "S0464 - SYSCON"
  },
  {
    "software_id": "S0465",
    "software_name": "CARROTBALL",
    "platforms": [
      "Windows"
    ],
    "autosuggest": "S0465 - CARROTBALL"
  },
  {
    "software_id": "S0466",
    "software_name": "WindTail",
    "platforms": [
      "macOS"
    ],
    "autosuggest": "S0466 - WindTail"
  },
  {
    "software_id": "S0467",
    "software_name": "TajMahal",
    "platforms": [
      "Windows"
    ],
    "autosuggest": "S0467 - TajMahal"
  },
  {
    "software_id": "S0468",
    "software_name": "Skidmap",
    "platforms": [
      "Linux"
    ],
    "autosuggest": "S0468 - Skidmap"
  },
  {
    "software_id": "S0469",
    "software_name": "ABK",
    "platforms": [
      "Windows"
    ],
    "autosuggest": "S0469 - ABK"
  },
  {
    "software_id": "S0470",
    "software_name": "BBK",
    "platforms": [
      "Windows"
    ],
    "autosuggest": "S0470 - BBK"
  },
  {
    "software_id": "S0471",
    "software_name": "build_downer",
    "platforms": [
      "Windows"
    ],
    "autosuggest": "S0471 - build_downer"
  },
  {
    "software_id": "S0472",
    "software_name": "down_new",
    "platforms": [
      "Windows"
    ],
    "autosuggest": "S0472 - down_new"
  },
  {
    "software_id": "S0473",
    "software_name": "Avenger",
    "platforms": [
      "Windows"
    ],
    "autosuggest": "S0473 - Avenger"
  },
  {
    "software_id": "S0475",
    "software_name": "BackConfig",
    "platforms": [
      "Windows"
    ],
    "autosuggest": "S0475 - BackConfig"
  },
  {
    "software_id": "S0476",
    "software_name": "Valak",
    "platforms": [
      "Windows"
    ],
    "autosuggest": "S0476 - Valak"
  },
  {
    "software_id": "S0477",
    "software_name": "Goopy",
    "platforms": [
      "Windows"
    ],
    "autosuggest": "S0477 - Goopy"
  },
  {
    "software_id": "S0481",
    "software_name": "Ragnar Locker",
    "platforms": [
      "Windows"
    ],
    "autosuggest": "S0481 - Ragnar Locker"
  },
  {
    "software_id": "S0482",
    "software_name": "Bundlore",
    "platforms": [
      "macOS"
    ],
    "autosuggest": "S0482 - Bundlore"
  },
  {
    "software_id": "S0483",
    "software_name": "IcedID",
    "platforms": [
      "Windows"
    ],
    "autosuggest": "S0483 - IcedID"
  },
  {
    "software_id": "S0484",
    "software_name": "Carberp",
    "platforms": [
      "Windows"
    ],
    "autosuggest": "S0484 - Carberp"
  },
  {
    "software_id": "S0486",
    "software_name": "Bonadan",
    "platforms": [
      "Linux"
    ],
    "autosuggest": "S0486 - Bonadan"
  },
  {
    "software_id": "S0487",
    "software_name": "Kessel",
    "platforms": [
      "Linux"
    ],
    "autosuggest": "S0487 - Kessel"
  },
  {
    "software_id": "S0488",
    "software_name": "CrackMapExec",
    "platforms": [
      "Windows"
    ],
    "autosuggest": "S0488 - CrackMapExec"
  },
  {
    "software_id": "S0491",
    "software_name": "StrongPity",
    "platforms": [
      "Windows"
    ],
    "autosuggest": "S0491 - StrongPity"
  },
  {
    "software_id": "S0492",
    "software_name": "CookieMiner",
    "platforms": [
      "macOS"
    ],
    "autosuggest": "S0492 - CookieMiner"
  },
  {
    "software_id": "S0493",
    "software_name": "GoldenSpy",
    "platforms": [
      "Windows"
    ],
    "autosuggest": "S0493 - GoldenSpy"
  },
  {
    "software_id": "S0495",
    "software_name": "RDAT",
    "platforms": [
      "Windows"
    ],
    "autosuggest": "S0495 - RDAT"
  },
  {
    "software_id": "S0496",
    "software_name": "REvil",
    "platforms": [
      "Windows"
    ],
    "autosuggest": "S0496 - REvil"
  },
  {
    "software_id": "S0497",
    "software_name": "Dacls",
    "platforms": [
      "Linux",
      "Windows",
      "macOS"
    ],
    "autosuggest": "S0497 - Dacls"
  },
  {
    "software_id": "S0498",
    "software_name": "Cryptoistic",
    "platforms": [
      "macOS"
    ],
    "autosuggest": "S0498 - Cryptoistic"
  },
  {
    "software_id": "S0499",
    "software_name": "Hancitor",
    "platforms": [
      "Windows"
    ],
    "autosuggest": "S0499 - Hancitor"
  },
  {
    "software_id": "S0500",
    "software_name": "MCMD",
    "platforms": [
      "Windows"
    ],
    "autosuggest": "S0500 - MCMD"
  },
  {
    "software_id": "S0501",
    "software_name": "PipeMon",
    "platforms": [
      "Windows"
    ],
    "autosuggest": "S0501 - PipeMon"
  },
  {
    "software_id": "S0502",
    "software_name": "Drovorub",
    "platforms": [
      "Linux"
    ],
    "autosuggest": "S0502 - Drovorub"
  },
  {
    "software_id": "S0503",
    "software_name": "FrameworkPOS",
    "platforms": [
      "AWS",
      "Azure",
      "Azure AD",
      "GCP",
      "Linux",
      "Network",
      "Office 365",
      "PRE",
      "SaaS",
      "Windows",
      "macOS"
    ],
    "autosuggest": "S0503 - FrameworkPOS"
  },
  {
    "software_id": "S0504",
    "software_name": "Anchor",
    "platforms": [
      "Linux",
      "Windows"
    ],
    "autosuggest": "S0504 - Anchor"
  },
  {
    "software_id": "S0508",
    "software_name": "Ngrok",
    "platforms": [
      "Windows"
    ],
    "autosuggest": "S0508 - Ngrok"
  },
  {
    "software_id": "S0511",
    "software_name": "RegDuke",
    "platforms": [
      "Windows"
    ],
    "autosuggest": "S0511 - RegDuke"
  },
  {
    "software_id": "S0512",
    "software_name": "FatDuke",
    "platforms": [
      "Windows"
    ],
    "autosuggest": "S0512 - FatDuke"
  },
  {
    "software_id": "S0514",
    "software_name": "WellMess",
    "platforms": [
      "Windows"
    ],
    "autosuggest": "S0514 - WellMess"
  },
  {
    "software_id": "S0515",
    "software_name": "WellMail",
    "platforms": [
      "Windows"
    ],
    "autosuggest": "S0515 - WellMail"
  },
  {
    "software_id": "S0516",
    "software_name": "SoreFang",
    "platforms": [
      "Windows"
    ],
    "autosuggest": "S0516 - SoreFang"
  },
  {
    "software_id": "S0517",
    "software_name": "Pillowmint",
    "platforms": [
      "Windows"
    ],
    "autosuggest": "S0517 - Pillowmint"
  },
  {
    "software_id": "S0518",
    "software_name": "PolyglotDuke",
    "platforms": [
      "Windows"
    ],
    "autosuggest": "S0518 - PolyglotDuke"
  },
  {
    "software_id": "S0519",
    "software_name": "SYNful Knock",
    "platforms": [
      "Network"
    ],
    "autosuggest": "S0519 - SYNful Knock"
  },
  {
    "software_id": "S0520",
    "software_name": "BLINDINGCAN",
    "platforms": [
      "Windows"
    ],
    "autosuggest": "S0520 - BLINDINGCAN"
  },
  {
    "software_id": "S0521",
    "software_name": "BloodHound",
    "platforms": [
      "Windows"
    ],
    "autosuggest": "S0521 - BloodHound"
  },
  {
    "software_id": "S0526",
    "software_name": "KGH_SPY",
    "platforms": [
      "Windows"
    ],
    "autosuggest": "S0526 - KGH_SPY"
  },
  {
    "software_id": "S0527",
    "software_name": "CSPY Downloader",
    "platforms": [
      "Windows"
    ],
    "autosuggest": "S0527 - CSPY Downloader"
  },
  {
    "software_id": "S0528",
    "software_name": "Javali",
    "platforms": [
      "Windows"
    ],
    "autosuggest": "S0528 - Javali"
  },
  {
    "software_id": "S0530",
    "software_name": "Melcoz",
    "platforms": [
      "Windows"
    ],
    "autosuggest": "S0530 - Melcoz"
  },
  {
    "software_id": "S0531",
    "software_name": "Grandoreiro",
    "platforms": [
      "Windows"
    ],
    "autosuggest": "S0531 - Grandoreiro"
  },
  {
    "software_id": "S0532",
    "software_name": "Lucifer",
    "platforms": [
      "Windows"
    ],
    "autosuggest": "S0532 - Lucifer"
  },
  {
    "software_id": "S0533",
    "software_name": "SLOTHFULMEDIA",
    "platforms": [
      "Windows"
    ],
    "autosuggest": "S0533 - SLOTHFULMEDIA"
  },
  {
    "software_id": "S0534",
    "software_name": "Bazar",
    "platforms": [
      "Windows"
    ],
    "autosuggest": "S0534 - Bazar"
  },
  {
    "software_id": "S0537",
    "software_name": "HyperStack",
    "platforms": [
      "Windows"
    ],
    "autosuggest": "S0537 - HyperStack"
  },
  {
    "software_id": "S0538",
    "software_name": "Crutch",
    "platforms": [
      "Windows"
    ],
    "autosuggest": "S0538 - Crutch"
  },
  {
    "software_id": "S0543",
    "software_name": "Spark",
    "platforms": [
      "Windows"
    ],
    "autosuggest": "S0543 - Spark"
  },
  {
    "software_id": "S0546",
    "software_name": "SharpStage",
    "platforms": [
      "Windows"
    ],
    "autosuggest": "S0546 - SharpStage"
  },
  {
    "software_id": "S0547",
    "software_name": "DropBook",
    "platforms": [
      "Windows"
    ],
    "autosuggest": "S0547 - DropBook"
  },
  {
    "software_id": "S0551",
    "software_name": "GoldenEagle",
    "platforms": [
      "AWS",
      "Azure",
      "Azure AD",
      "GCP",
      "Linux",
      "Network",
      "Office 365",
      "PRE",
      "SaaS",
      "Windows",
      "macOS"
    ],
    "autosuggest": "S0551 - GoldenEagle"
  },
  {
    "software_id": "S0552",
    "software_name": "AdFind",
    "platforms": [
      "Windows"
    ],
    "autosuggest": "S0552 - AdFind"
  },
  {
    "software_id": "S0553",
    "software_name": "MoleNet",
    "platforms": [
      "Windows"
    ],
    "autosuggest": "S0553 - MoleNet"
  },
  {
    "software_id": "S0554",
    "software_name": "Egregor",
    "platforms": [
      "Windows"
    ],
    "autosuggest": "S0554 - Egregor"
  },
  {
    "software_id": "S0556",
    "software_name": "Pay2Key",
    "platforms": [
      "Windows"
    ],
    "autosuggest": "S0556 - Pay2Key"
  },
  {
    "software_id": "S0559",
    "software_name": "SUNBURST",
    "platforms": [
      "Windows"
    ],
    "autosuggest": "S0559 - SUNBURST"
  },
  {
    "software_id": "S0560",
    "software_name": "TEARDROP",
    "platforms": [
      "Windows"
    ],
    "autosuggest": "S0560 - TEARDROP"
  },
  {
    "software_id": "S0561",
    "software_name": "GuLoader",
    "platforms": [
      "Windows"
    ],
    "autosuggest": "S0561 - GuLoader"
  },
  {
    "software_id": "S0562",
    "software_name": "SUNSPOT",
    "platforms": [
      "Windows"
    ],
    "autosuggest": "S0562 - SUNSPOT"
  },
  {
    "software_id": "S0564",
    "software_name": "BlackMould",
    "platforms": [
      "Windows"
    ],
    "autosuggest": "S0564 - BlackMould"
  },
  {
    "software_id": "S0565",
    "software_name": "Raindrop",
    "platforms": [
      "Windows"
    ],
    "autosuggest": "S0565 - Raindrop"
  },
  {
    "software_id": "S0567",
    "software_name": "Dtrack",
    "platforms": [
      "Windows"
    ],
    "autosuggest": "S0567 - Dtrack"
  },
  {
    "software_id": "S0568",
    "software_name": "EVILNUM",
    "platforms": [
      "Windows"
    ],
    "autosuggest": "S0568 - EVILNUM"
  },
  {
    "software_id": "S0569",
    "software_name": "Explosive",
    "platforms": [
      "Windows"
    ],
    "autosuggest": "S0569 - Explosive"
  },
  {
    "software_id": "S0570",
    "software_name": "BitPaymer",
    "platforms": [
      "Windows"
    ],
    "autosuggest": "S0570 - BitPaymer"
  },
  {
    "software_id": "S0572",
    "software_name": "Caterpillar WebShell",
    "platforms": [
      "Windows"
    ],
    "autosuggest": "S0572 - Caterpillar WebShell"
  },
  {
    "software_id": "S0574",
    "software_name": "BendyBear",
    "platforms": [
      "Windows"
    ],
    "autosuggest": "S0574 - BendyBear"
  },
  {
    "software_id": "S0575",
    "software_name": "Conti",
    "platforms": [
      "Windows"
    ],
    "autosuggest": "S0575 - Conti"
  },
  {
    "software_id": "S0576",
    "software_name": "MegaCortex",
    "platforms": [
      "Windows"
    ],
    "autosuggest": "S0576 - MegaCortex"
  },
  {
    "software_id": "S0578",
    "software_name": "SUPERNOVA",
    "platforms": [
      "Windows"
    ],
    "autosuggest": "S0578 - SUPERNOVA"
  },
  {
    "software_id": "S0579",
    "software_name": "Waterbear",
    "platforms": [
      "Windows"
    ],
    "autosuggest": "S0579 - Waterbear"
  },
  {
    "software_id": "S0581",
    "software_name": "IronNetInjector",
    "platforms": [
      "Windows"
    ],
    "autosuggest": "S0581 - IronNetInjector"
  },
  {
    "software_id": "S0582",
    "software_name": "LookBack",
    "platforms": [
      "Windows"
    ],
    "autosuggest": "S0582 - LookBack"
  },
  {
    "software_id": "S0583",
    "software_name": "Pysa",
    "platforms": [
      "Windows"
    ],
    "autosuggest": "S0583 - Pysa"
  },
  {
    "software_id": "S0584",
    "software_name": "AppleJeus",
    "platforms": [
      "Windows",
      "macOS"
    ],
    "autosuggest": "S0584 - AppleJeus"
  },
  {
    "software_id": "S0585",
    "software_name": "Kerrdown",
    "platforms": [
      "Windows"
    ],
    "autosuggest": "S0585 - Kerrdown"
  },
  {
    "software_id": "S0586",
    "software_name": "TAINTEDSCRIBE",
    "platforms": [
      "Windows"
    ],
    "autosuggest": "S0586 - TAINTEDSCRIBE"
  },
  {
    "software_id": "S0587",
    "software_name": "Penquin",
    "platforms": [
      "Linux"
    ],
    "autosuggest": "S0587 - Penquin"
  },
  {
    "software_id": "S0588",
    "software_name": "GoldMax",
    "platforms": [
      "Windows"
    ],
    "autosuggest": "S0588 - GoldMax"
  },
  {
    "software_id": "S0589",
    "software_name": "Sibot",
    "platforms": [
      "Windows"
    ],
    "autosuggest": "S0589 - Sibot"
  },
  {
    "software_id": "S0590",
    "software_name": "NBTscan",
    "platforms": [
      "Linux",
      "Windows",
      "macOS"
    ],
    "autosuggest": "S0590 - NBTscan"
  },
  {
    "software_id": "S0591",
    "software_name": "ConnectWise",
    "platforms": [
      "Windows"
    ],
    "autosuggest": "S0591 - ConnectWise"
  },
  {
    "software_id": "S0592",
    "software_name": "RemoteUtilities",
    "platforms": [
      "Windows"
    ],
    "autosuggest": "S0592 - RemoteUtilities"
  },
  {
    "software_id": "S0593",
    "software_name": "ECCENTRICBANDWAGON",
    "platforms": [
      "Windows"
    ],
    "autosuggest": "S0593 - ECCENTRICBANDWAGON"
  },
  {
    "software_id": "S0594",
    "software_name": "Out1",
    "platforms": [
      "Windows"
    ],
    "autosuggest": "S0594 - Out1"
  },
  {
    "software_id": "S0595",
    "software_name": "ThiefQuest",
    "platforms": [
      "macOS"
    ],
    "autosuggest": "S0595 - ThiefQuest"
  },
  {
    "software_id": "S0596",
    "software_name": "ShadowPad",
    "platforms": [
      "Windows"
    ],
    "autosuggest": "S0596 - ShadowPad"
  },
  {
    "software_id": "S0597",
    "software_name": "GoldFinder",
    "platforms": [
      "Windows"
    ],
    "autosuggest": "S0597 - GoldFinder"
  },
  {
    "software_id": "S0598",
    "software_name": "P.A.S. Webshell",
    "platforms": [
      "Linux",
      "Windows"
    ],
    "autosuggest": "S0598 - P.A.S. Webshell"
  },
  {
    "software_id": "S0599",
    "software_name": "Kinsing",
    "platforms": [
      "Containers",
      "Linux"
    ],
    "autosuggest": "S0599 - Kinsing"
  },
  {
    "software_id": "S0600",
    "software_name": "Doki",
    "platforms": [
      "Containers",
      "Linux"
    ],
    "autosuggest": "S0600 - Doki"
  },
  {
    "software_id": "S0601",
    "software_name": "Hildegard",
    "platforms": [
      "Containers",
      "IaaS",
      "Linux"
    ],
    "autosuggest": "S0601 - Hildegard"
  },
  {
    "software_id": "S0602",
    "software_name": "Circles",
    "platforms": [
      "AWS",
      "Azure",
      "Azure AD",
      "GCP",
      "Linux",
      "Network",
      "Office 365",
      "PRE",
      "SaaS",
      "Windows",
      "macOS"
    ],
    "autosuggest": "S0602 - Circles"
  }
]