{"name": "Attack - Windows, Linux, macOS", "version": "2.2", "domain": "mitre-enterprise", "description": "stage: attack | platform(s): Windows, Linux, macOS | group(s): CrowdStrike Global Threat Report 2020 | overlay group(s): ", "filters": {"stages": ["act"], "platforms": ["Windows", "Linux", "macOS"]},
"sorting": 3, "viewMode": 0, "hideDisable": false, "techniques": [{"techniqueID": "T1193", "score": 10, "metadata": [{"name": "-Groups", "value": "CrowdStrike Global Threat Report 2020"}]},
{"techniqueID": "T1143", "score": 5, "metadata": [{"name": "-Groups", "value": "CrowdStrike Global Threat Report 2020"}]},
{"techniqueID": "T1082", "score": 48, "metadata": [{"name": "-Groups", "value": "CrowdStrike Global Threat Report 2020"}]},
{"techniqueID": "T1045", "score": 5, "metadata": [{"name": "-Groups", "value": "CrowdStrike Global Threat Report 2020"}]},
{"techniqueID": "T1136", "score": 28, "metadata": [{"name": "-Groups", "value": "CrowdStrike Global Threat Report 2020"}]},
{"techniqueID": "T1083", "score": 42, "metadata": [{"name": "-Groups", "value": "CrowdStrike Global Threat Report 2020"}]},
{"techniqueID": "T1053", "score": 17, "metadata": [{"name": "-Groups", "value": "CrowdStrike Global Threat Report 2020"}]},
{"techniqueID": "T1146", "score": 7, "metadata": [{"name": "-Groups", "value": "CrowdStrike Global Threat Report 2020"}]},
{"techniqueID": "T1001", "score": 7, "metadata": [{"name": "-Groups", "value": "CrowdStrike Global Threat Report 2020"}]},
{"techniqueID": "T1098", "score": 14, "metadata": [{"name": "-Groups", "value": "CrowdStrike Global Threat Report 2020"}]},
{"techniqueID": "T1215", "score": 5, "metadata": [{"name": "-Groups", "value": "CrowdStrike Global Threat Report 2020"}]},
{"techniqueID": "T1494", "score": 5, "metadata": [{"name": "-Groups", "value": "CrowdStrike Global Threat Report 2020"}]},
{"techniqueID": "T1048", "score": 7, "metadata": [{"name": "-Groups", "value": "CrowdStrike Global Threat Report 2020"}]},
{"techniqueID": "T1022", "score": 5, "metadata": [{"name": "-Groups", "value": "CrowdStrike Global Threat Report 2020"}]},
{"techniqueID": "T1169", "score": 6, "metadata": [{"name": "-Groups", "value": "CrowdStrike Global Threat Report 2020"}]},
{"techniqueID": "T1076", "score": 48, "metadata": [{"name": "-Groups", "value": "CrowdStrike Global Threat Report 2020"}]},
{"techniqueID": "T1486", "score": 32, "metadata": [{"name": "-Groups", "value": "CrowdStrike Global Threat Report 2020"}]},
{"techniqueID": "T1490", "score": 16, "metadata": [{"name": "-Groups", "value": "CrowdStrike Global Threat Report 2020"}]},
{"techniqueID": "T1077", "score": 22, "metadata": [{"name": "-Groups", "value": "CrowdStrike Global Threat Report 2020"}]},
{"techniqueID": "T1500", "score": 5, "metadata": [{"name": "-Groups", "value": "CrowdStrike Global Threat Report 2020"}]},
{"techniqueID": "T1035", "score": 17, "metadata": [{"name": "-Groups", "value": "CrowdStrike Global Threat Report 2020"}]},
{"techniqueID": "T1219", "score": 11, "metadata": [{"name": "-Groups", "value": "CrowdStrike Global Threat Report 2020"}]},
{"techniqueID": "T1496", "score": 10, "metadata": [{"name": "-Groups", "value": "CrowdStrike Global Threat Report 2020"}]},
{"techniqueID": "T1114", "score": 5, "metadata": [{"name": "-Groups", "value": "CrowdStrike Global Threat Report 2020"}]},
{"techniqueID": "T1091", "score": 6, "metadata": [{"name": "-Groups", "value": "CrowdStrike Global Threat Report 2020"}]},
{"techniqueID": "T1117", "score": 10, "metadata": [{"name": "-Groups", "value": "CrowdStrike Global Threat Report 2020"}]},
{"techniqueID": "T1222", "score": 11, "metadata": [{"name": "-Groups", "value": "CrowdStrike Global Threat Report 2020"}]},
{"techniqueID": "T1032", "score": 7, "metadata": [{"name": "-Groups", "value": "CrowdStrike Global Threat Report 2020"}]},
{"techniqueID": "T1529", "score": 6, "metadata": [{"name": "-Groups", "value": "CrowdStrike Global Threat Report 2020"}]},
{"techniqueID": "T1482", "score": 14, "metadata": [{"name": "-Groups", "value": "CrowdStrike Global Threat Report 2020"}]},
{"techniqueID": "T1063", "score": 8, "metadata": [{"name": "-Groups", "value": "CrowdStrike Global Threat Report 2020"}]},
{"techniqueID": "T1055", "score": 14, "metadata": [{"name": "-Groups", "value": "CrowdStrike Global Threat Report 2020"}]},
{"techniqueID": "T1040", "score": 5, "metadata": [{"name": "-Groups", "value": "CrowdStrike Global Threat Report 2020"}]},
{"techniqueID": "T1135", "score": 26, "metadata": [{"name": "-Groups", "value": "CrowdStrike Global Threat Report 2020"}]},
{"techniqueID": "T1201", "score": 5, "metadata": [{"name": "-Groups", "value": "CrowdStrike Global Threat Report 2020"}]},
{"techniqueID": "T1176", "score": 5, "metadata": [{"name": "-Groups", "value": "CrowdStrike Global Threat Report 2020"}]},
{"techniqueID": "T1192", "score": 6, "metadata": [{"name": "-Groups", "value": "CrowdStrike Global Threat Report 2020"}]},
{"techniqueID": "T1028", "score": 6, "metadata": [{"name": "-Groups", "value": "CrowdStrike Global Threat Report 2020"}]},
{"techniqueID": "T1037", "score": 5, "metadata": [{"name": "-Groups", "value": "CrowdStrike Global Threat Report 2020"}]},
{"techniqueID": "T1089", "score": 40, "metadata": [{"name": "-Groups", "value": "CrowdStrike Global Threat Report 2020"}]},
{"techniqueID": "T1070", "score": 27, "metadata": [{"name": "-Groups", "value": "CrowdStrike Global Threat Report 2020"}]},
{"techniqueID": "T1065", "score": 19, "metadata": [{"name": "-Groups", "value": "CrowdStrike Global Threat Report 2020"}]},
{"techniqueID": "T1208", "score": 5, "metadata": [{"name": "-Groups", "value": "CrowdStrike Global Threat Report 2020"}]},
{"techniqueID": "T1007", "score": 12, "metadata": [{"name": "-Groups", "value": "CrowdStrike Global Threat Report 2020"}]},
{"techniqueID": "T1090", "score": 10, "metadata": [{"name": "-Groups", "value": "CrowdStrike Global Threat Report 2020"}]},
{"techniqueID": "T1120", "score": 5, "metadata": [{"name": "-Groups", "value": "CrowdStrike Global Threat Report 2020"}]},
{"techniqueID": "T1518", "score": 5, "metadata": [{"name": "-Groups", "value": "CrowdStrike Global Threat Report 2020"}]},
{"techniqueID": "T1105", "score": 53, "metadata": [{"name": "-Groups", "value": "CrowdStrike Global Threat Report 2020"}]},
{"techniqueID": "T1199", "score": 6, "metadata": [{"name": "-Groups", "value": "CrowdStrike Global Threat Report 2020"}]},
{"techniqueID": "T1087", "score": 50, "metadata": [{"name": "-Groups", "value": "CrowdStrike Global Threat Report 2020"}]},
{"techniqueID": "T1026", "score": 5, "metadata": [{"name": "-Groups", "value": "CrowdStrike Global Threat Report 2020"}]},
{"techniqueID": "T1041", "score": 11, "metadata": [{"name": "-Groups", "value": "CrowdStrike Global Threat Report 2020"}]},
{"techniqueID": "T1027", "score": 34, "metadata": [{"name": "-Groups", "value": "CrowdStrike Global Threat Report 2020"}]},
{"techniqueID": "T1212", "score": 5, "metadata": [{"name": "-Groups", "value": "CrowdStrike Global Threat Report 2020"}]},
{"techniqueID": "T1118", "score": 5, "metadata": [{"name": "-Groups", "value": "CrowdStrike Global Threat Report 2020"}]},
{"techniqueID": "T1086", "score": 52, "metadata": [{"name": "-Groups", "value": "CrowdStrike Global Threat Report 2020"}]},
{"techniqueID": "T1214", "score": 7, "metadata": [{"name": "-Groups", "value": "CrowdStrike Global Threat Report 2020"}]},
{"techniqueID": "T1043", "score": 37, "metadata": [{"name": "-Groups", "value": "CrowdStrike Global Threat Report 2020"}]},
{"techniqueID": "T1140", "score": 12, "metadata": [{"name": "-Groups", "value": "CrowdStrike Global Threat Report 2020"}]},
{"techniqueID": "T1031", "score": 12, "metadata": [{"name": "-Groups", "value": "CrowdStrike Global Threat Report 2020"}]},
{"techniqueID": "T1068", "score": 7, "metadata": [{"name": "-Groups", "value": "CrowdStrike Global Threat Report 2020"}]},
{"techniqueID": "T1103", "score": 5, "metadata": [{"name": "-Groups", "value": "CrowdStrike Global Threat Report 2020"}]},
{"techniqueID": "T1072", "score": 5, "metadata": [{"name": "-Groups", "value": "CrowdStrike Global Threat Report 2020"}]},
{"techniqueID": "T1197", "score": 6, "metadata": [{"name": "-Groups", "value": "CrowdStrike Global Threat Report 2020"}]},
{"techniqueID": "T1020", "score": 5, "metadata": [{"name": "-Groups", "value": "CrowdStrike Global Threat Report 2020"}]},
{"techniqueID": "T1071", "score": 13, "metadata": [{"name": "-Groups", "value": "CrowdStrike Global Threat Report 2020"}]},
{"techniqueID": "T1166", "score": 6, "metadata": [{"name": "-Groups", "value": "CrowdStrike Global Threat Report 2020"}]},
{"techniqueID": "T1113", "score": 5, "metadata": [{"name": "-Groups", "value": "CrowdStrike Global Threat Report 2020"}]},
{"techniqueID": "T1066", "score": 5, "metadata": [{"name": "-Groups", "value": "CrowdStrike Global Threat Report 2020"}]},
{"techniqueID": "T1147", "score": 5, "metadata": [{"name": "-Groups", "value": "CrowdStrike Global Threat Report 2020"}]},
{"techniqueID": "T1165", "score": 5, "metadata": [{"name": "-Groups", "value": "CrowdStrike Global Threat Report 2020"}]},
{"techniqueID": "T1190", "score": 26, "metadata": [{"name": "-Groups", "value": "CrowdStrike Global Threat Report 2020"}]},
{"techniqueID": "T1127", "score": 5, "metadata": [{"name": "-Groups", "value": "CrowdStrike Global Threat Report 2020"}]},
{"techniqueID": "T1115", "score": 5, "metadata": [{"name": "-Groups", "value": "CrowdStrike Global Threat Report 2020"}]},
{"techniqueID": "T1093", "score": 6, "metadata": [{"name": "-Groups", "value": "CrowdStrike Global Threat Report 2020"}]},
{"techniqueID": "T1039", "score": 8, "metadata": [{"name": "-Groups", "value": "CrowdStrike Global Threat Report 2020"}]},
{"techniqueID": "T1133", "score": 7, "metadata": [{"name": "-Groups", "value": "CrowdStrike Global Threat Report 2020"}]},
{"techniqueID": "T1079", "score": 5, "metadata": [{"name": "-Groups", "value": "CrowdStrike Global Threat Report 2020"}]},
{"techniqueID": "T1196", "score": 5, "metadata": [{"name": "-Groups", "value": "CrowdStrike Global Threat Report 2020"}]},
{"techniqueID": "T1119", "score": 9, "metadata": [{"name": "-Groups", "value": "CrowdStrike Global Threat Report 2020"}]},
{"techniqueID": "T1033", "score": 51, "metadata": [{"name": "-Groups", "value": "CrowdStrike Global Threat Report 2020"}]},
{"techniqueID": "T1038", "score": 6, "metadata": [{"name": "-Groups", "value": "CrowdStrike Global Threat Report 2020"}]},
{"techniqueID": "T1204", "score": 5, "metadata": [{"name": "-Groups", "value": "CrowdStrike Global Threat Report 2020"}]},
{"techniqueID": "T1059", "score": 70, "metadata": [{"name": "-Groups", "value": "CrowdStrike Global Threat Report 2020"}]},
{"techniqueID": "T1116", "score": 6, "metadata": [{"name": "-Groups", "value": "CrowdStrike Global Threat Report 2020"}]},
{"techniqueID": "T1014", "score": 5, "metadata": [{"name": "-Groups", "value": "CrowdStrike Global Threat Report 2020"}]},
{"techniqueID": "T1050", "score": 16, "metadata": [{"name": "-Groups", "value": "CrowdStrike Global Threat Report 2020"}]},
{"techniqueID": "T1069", "score": 21, "metadata": [{"name": "-Groups", "value": "CrowdStrike Global Threat Report 2020"}]},
{"techniqueID": "T1124", "score": 11, "metadata": [{"name": "-Groups", "value": "CrowdStrike Global Threat Report 2020"}]},
{"techniqueID": "T1191", "score": 5, "metadata": [{"name": "-Groups", "value": "CrowdStrike Global Threat Report 2020"}]},
{"techniqueID": "T1078", "score": 65, "metadata": [{"name": "-Groups", "value": "CrowdStrike Global Threat Report 2020"}]},
{"techniqueID": "T1036", "score": 31, "metadata": [{"name": "-Groups", "value": "CrowdStrike Global Threat Report 2020"}]},
{"techniqueID": "T1085", "score": 31, "metadata": [{"name": "-Groups", "value": "CrowdStrike Global Threat Report 2020"}]},
{"techniqueID": "T1111", "score": 5, "metadata": [{"name": "-Groups", "value": "CrowdStrike Global Threat Report 2020"}]},
{"techniqueID": "T1112", "score": 31, "metadata": [{"name": "-Groups", "value": "CrowdStrike Global Threat Report 2020"}]},
{"techniqueID": "T1159", "score": 5, "metadata": [{"name": "-Groups", "value": "CrowdStrike Global Threat Report 2020"}]},
{"techniqueID": "T1100", "score": 33, "metadata": [{"name": "-Groups", "value": "CrowdStrike Global Threat Report 2020"}]},
{"techniqueID": "T1024", "score": 6, "metadata": [{"name": "-Groups", "value": "CrowdStrike Global Threat Report 2020"}]},
{"techniqueID": "T1132", "score": 6, "metadata": [{"name": "-Groups", "value": "CrowdStrike Global Threat Report 2020"}]},
{"techniqueID": "T1102", "score": 7, "metadata": [{"name": "-Groups", "value": "CrowdStrike Global Threat Report 2020"}]},
{"techniqueID": "T1060", "score": 12, "metadata": [{"name": "-Groups", "value": "CrowdStrike Global Threat Report 2020"}]},
{"techniqueID": "T1012", "score": 13, "metadata": [{"name": "-Groups", "value": "CrowdStrike Global Threat Report 2020"}]},
{"techniqueID": "T1058", "score": 5, "metadata": [{"name": "-Groups", "value": "CrowdStrike Global Threat Report 2020"}]},
{"techniqueID": "T1073", "score": 10, "metadata": [{"name": "-Groups", "value": "CrowdStrike Global Threat Report 2020"}]},
{"techniqueID": "T1021", "score": 12, "metadata": [{"name": "-Groups", "value": "CrowdStrike Global Threat Report 2020"}]},
{"techniqueID": "T1145", "score": 6, "metadata": [{"name": "-Groups", "value": "CrowdStrike Global Threat Report 2020"}]},
{"techniqueID": "T1064", "score": 56, "metadata": [{"name": "-Groups", "value": "CrowdStrike Global Threat Report 2020"}]},
{"techniqueID": "T1220", "score": 5, "metadata": [{"name": "-Groups", "value": "CrowdStrike Global Threat Report 2020"}]},
{"techniqueID": "T1074", "score": 14, "metadata": [{"name": "-Groups", "value": "CrowdStrike Global Threat Report 2020"}]},
{"techniqueID": "T1203", "score": 6, "metadata": [{"name": "-Groups", "value": "CrowdStrike Global Threat Report 2020"}]},
{"techniqueID": "T1108", "score": 9, "metadata": [{"name": "-Groups", "value": "CrowdStrike Global Threat Report 2020"}]},
{"techniqueID": "T1200", "score": 5, "metadata": [{"name": "-Groups", "value": "CrowdStrike Global Threat Report 2020"}]},
{"techniqueID": "T1107", "score": 22, "metadata": [{"name": "-Groups", "value": "CrowdStrike Global Threat Report 2020"}]},
{"techniqueID": "T1049", "score": 46, "metadata": [{"name": "-Groups", "value": "CrowdStrike Global Threat Report 2020"}]},
{"techniqueID": "T1018", "score": 45, "metadata": [{"name": "-Groups", "value": "CrowdStrike Global Threat Report 2020"}]},
{"techniqueID": "T1005", "score": 21, "metadata": [{"name": "-Groups", "value": "CrowdStrike Global Threat Report 2020"}]},
{"techniqueID": "T1170", "score": 9, "metadata": [{"name": "-Groups", "value": "CrowdStrike Global Threat Report 2020"}]},
{"techniqueID": "T1213", "score": 7, "metadata": [{"name": "-Groups", "value": "CrowdStrike Global Threat Report 2020"}]},
{"techniqueID": "T1095", "score": 6, "metadata": [{"name": "-Groups", "value": "CrowdStrike Global Threat Report 2020"}]},
{"techniqueID": "T1088", "score": 7, "metadata": [{"name": "-Groups", "value": "CrowdStrike Global Threat Report 2020"}]},
{"techniqueID": "T1183", "score": 9, "metadata": [{"name": "-Groups", "value": "CrowdStrike Global Threat Report 2020"}]},
{"techniqueID": "T1099", "score": 7, "metadata": [{"name": "-Groups", "value": "CrowdStrike Global Threat Report 2020"}]},
{"techniqueID": "T1047", "score": 39, "metadata": [{"name": "-Groups", "value": "CrowdStrike Global Threat Report 2020"}]},
{"techniqueID": "T1489", "score": 11, "metadata": [{"name": "-Groups", "value": "CrowdStrike Global Threat Report 2020"}]},
{"techniqueID": "T1168", "score": 6, "metadata": [{"name": "-Groups", "value": "CrowdStrike Global Threat Report 2020"}]},
{"techniqueID": "T1134", "score": 6, "metadata": [{"name": "-Groups", "value": "CrowdStrike Global Threat Report 2020"}]},
{"techniqueID": "T1106", "score": 5, "metadata": [{"name": "-Groups", "value": "CrowdStrike Global Threat Report 2020"}]},
{"techniqueID": "T1046", "score": 26, "metadata": [{"name": "-Groups", "value": "CrowdStrike Global Threat Report 2020"}]},
{"techniqueID": "T1139", "score": 8, "metadata": [{"name": "-Groups", "value": "CrowdStrike Global Threat Report 2020"}]},
{"techniqueID": "T1158", "score": 6, "metadata": [{"name": "-Groups", "value": "CrowdStrike Global Threat Report 2020"}]},
{"techniqueID": "T1094", "score": 6, "metadata": [{"name": "-Groups", "value": "CrowdStrike Global Threat Report 2020"}]},
{"techniqueID": "T1126", "score": 6, "metadata": [{"name": "-Groups", "value": "CrowdStrike Global Threat Report 2020"}]},
{"techniqueID": "T1057", "score": 43, "metadata": [{"name": "-Groups", "value": "CrowdStrike Global Threat Report 2020"}]},
{"techniqueID": "T1056", "score": 6, "metadata": [{"name": "-Groups", "value": "CrowdStrike Global Threat Report 2020"}]},
{"techniqueID": "T1016", "score": 54, "metadata": [{"name": "-Groups", "value": "CrowdStrike Global Threat Report 2020"}]},
{"techniqueID": "T1003", "score": 52, "metadata": [{"name": "-Groups", "value": "CrowdStrike Global Threat Report 2020"}]},
{"techniqueID": "T1110", "score": 21, "metadata": [{"name": "-Groups", "value": "CrowdStrike Global Threat Report 2020"}]},
{"techniqueID": "T1002", "score": 15, "metadata": [{"name": "-Groups", "value": "CrowdStrike Global Threat Report 2020"}]},
{"techniqueID": "T1015", "score": 11, "metadata": [{"name": "-Groups", "value": "CrowdStrike Global Threat Report 2020"}]},
{"techniqueID": "T1084", "score": 6, "metadata": [{"name": "-Groups", "value": "CrowdStrike Global Threat Report 2020"}]},
{"techniqueID": "T1061", "score": 23, "metadata": [{"name": "-Groups", "value": "CrowdStrike Global Threat Report 2020"}]},
{"techniqueID": "T1081", "score": 15, "metadata": [{"name": "-Groups", "value": "CrowdStrike Global Threat Report 2020"}]},
{"techniqueID": "T1148", "score": 5, "metadata": [{"name": "-Groups", "value": "CrowdStrike Global Threat Report 2020"}]}], "showTacticRowBackground": false, "tacticRowBackground": "#dddddd", "selectTechniquesAcrossTactics": true, "gradient": {"colors": ["#ffcece", "#ff0000"], "minValue": 0, "maxValue": 70},
"legendItems": [{"label": "Tech. not often used", "color": "#ffcece"},
{"label": "Tech. used frequently", "color": "#ff0000"},
{"label": "Groups overlay: tech. in group + overlay", "color": "#f9a825"},
{"label": "Groups overlay: tech. in overlay", "color": "#ffee58"},
{"label": "Src. of tech. is only software", "color": "#0d47a1 "},
{"label": "Src. of tech. is group(s)/overlay + software", "color": "#64b5f6 "}]}