{"name": "Attack - all", "versions": {"navigator": "4.1", "layer": "4.1"},
"domain": "enterprise-attack", "description": "stage: attack | platform(s): all | group(s): Cisco Talos - quarterly report incident response trends in summer 2020 (ransomware) | overlay group(s): ", "filters": {"platforms": ["Windows", "Linux", "PRE", "macOS", "AWS", "GCP", "Azure", "Azure AD", "Office 365", "SaaS", "Network"]},
"sorting": 3, "layout": {"layout": "flat", "showName": true, "showID": false},
"hideDisable": false, "selectSubtechniquesWithParent": false, "techniques": [{"techniqueID": "T1486", "score": 1, "metadata": [{"name": "Group", "value": "Cisco Talos - quarterly report incident response trends in summer 2020"},
{"name": "Campaign", "value": "ransomware"}], "showSubtechniques": false},
{"techniqueID": "T1566.001", "score": 1, "metadata": [{"name": "Group", "value": "Cisco Talos - quarterly report incident response trends in summer 2020"},
{"name": "Campaign", "value": "ransomware"}]},
{"techniqueID": "T1132.001", "score": 1, "metadata": [{"name": "Group", "value": "Cisco Talos - quarterly report incident response trends in summer 2020"},
{"name": "Campaign", "value": "ransomware"}]},
{"techniqueID": "T1021.001", "score": 1, "metadata": [{"name": "Group", "value": "Cisco Talos - quarterly report incident response trends in summer 2020"},
{"name": "Campaign", "value": "ransomware"}]},
{"techniqueID": "T1070", "score": 1, "metadata": [{"name": "Group", "value": "Cisco Talos - quarterly report incident response trends in summer 2020"},
{"name": "Campaign", "value": "ransomware"}], "showSubtechniques": false},
{"techniqueID": "T1053", "score": 1, "metadata": [{"name": "Group", "value": "Cisco Talos - quarterly report incident response trends in summer 2020"},
{"name": "Campaign", "value": "ransomware"}], "showSubtechniques": false},
{"techniqueID": "T1059.001", "score": 1, "metadata": [{"name": "Group", "value": "Cisco Talos - quarterly report incident response trends in summer 2020"},
{"name": "Campaign", "value": "ransomware"}]},
{"techniqueID": "T1566", "showSubtechniques": true},
{"techniqueID": "T1132", "showSubtechniques": true},
{"techniqueID": "T1021", "showSubtechniques": true},
{"techniqueID": "T1059", "showSubtechniques": true}], "showTacticRowBackground": false, "tacticRowBackground": "#dddddd", "selectTechniquesAcrossTactics": true, "gradient": {"colors": ["#ffcece", "#ff0000"], "minValue": 0, "maxValue": 1},
"legendItems": [{"label": "Tech. not often used", "color": "#ffcece"},
{"label": "Tech. used frequently", "color": "#ff0000"},
{"label": "Groups overlay: tech. in group + overlay", "color": "#f9a825"},
{"label": "Groups overlay: tech. in overlay", "color": "#ffee58"},
{"label": "Src. of tech. is only software", "color": "#0d47a1 "},
{"label": "Src. of tech. is group(s)/overlay + software", "color": "#64b5f6 "}]}