{"name": "Attack - all", "versions": {"navigator": "4.3", "layer": "4.2"},
"domain": "enterprise-attack", "description": "stage: attack | platform(s): all | group(s): Sophos (Top 5 techniques observed with each tactic in 2020/2021) | overlay group(s): ", "filters": {"platforms": ["PRE", "Windows", "macOS", "Linux", "Office 365", "Azure AD", "Google Workspace", "IaaS", "SaaS", "Network", "Containers"]},
"sorting": 3, "layout": {"layout": "flat", "showName": true, "showID": false},
"hideDisable": false, "selectSubtechniquesWithParent": false, "techniques": [{"techniqueID": "T1490", "score": 1, "metadata": [{"name": "Group", "value": "Sophos"},
{"name": "Campaign", "value": "Top 5 techniques observed with each tactic in 2020/2021"}], "showSubtechniques": false},
{"techniqueID": "T1567.001", "score": 1, "metadata": [{"name": "Group", "value": "Sophos"},
{"name": "Campaign", "value": "Top 5 techniques observed with each tactic in 2020/2021"}]},
{"techniqueID": "T1046", "score": 1, "metadata": [{"name": "Group", "value": "Sophos"},
{"name": "Campaign", "value": "Top 5 techniques observed with each tactic in 2020/2021"}], "showSubtechniques": false},
{"techniqueID": "T1036", "score": 1, "metadata": [{"name": "Group", "value": "Sophos"},
{"name": "Campaign", "value": "Top 5 techniques observed with each tactic in 2020/2021"}], "showSubtechniques": false},
{"techniqueID": "T1090", "score": 1, "metadata": [{"name": "Group", "value": "Sophos"},
{"name": "Campaign", "value": "Top 5 techniques observed with each tactic in 2020/2021"}], "showSubtechniques": false},
{"techniqueID": "T1133", "score": 1, "metadata": [{"name": "Group", "value": "Sophos"},
{"name": "Campaign", "value": "Top 5 techniques observed with each tactic in 2020/2021"}], "showSubtechniques": false},
{"techniqueID": "T1409", "score": 1, "metadata": [{"name": "Group", "value": "Sophos"},
{"name": "Campaign", "value": "Top 5 techniques observed with each tactic in 2020/2021"}], "showSubtechniques": false},
{"techniqueID": "T1537", "score": 1, "metadata": [{"name": "Group", "value": "Sophos"},
{"name": "Campaign", "value": "Top 5 techniques observed with each tactic in 2020/2021"}], "showSubtechniques": false},
{"techniqueID": "T1039", "score": 1, "metadata": [{"name": "Group", "value": "Sophos"},
{"name": "Campaign", "value": "Top 5 techniques observed with each tactic in 2020/2021"}], "showSubtechniques": false},
{"techniqueID": "T1070", "score": 1, "metadata": [{"name": "Group", "value": "Sophos"},
{"name": "Campaign", "value": "Top 5 techniques observed with each tactic in 2020/2021"}], "showSubtechniques": false},
{"techniqueID": "T1550.003", "score": 1, "metadata": [{"name": "Group", "value": "Sophos"},
{"name": "Campaign", "value": "Top 5 techniques observed with each tactic in 2020/2021"}]},
{"techniqueID": "T1550.002", "score": 1, "metadata": [{"name": "Group", "value": "Sophos"},
{"name": "Campaign", "value": "Top 5 techniques observed with each tactic in 2020/2021"}]},
{"techniqueID": "T1041", "score": 1, "metadata": [{"name": "Group", "value": "Sophos"},
{"name": "Campaign", "value": "Top 5 techniques observed with each tactic in 2020/2021"}], "showSubtechniques": false},
{"techniqueID": "T1040", "score": 1, "metadata": [{"name": "Group", "value": "Sophos"},
{"name": "Campaign", "value": "Top 5 techniques observed with each tactic in 2020/2021"}], "showSubtechniques": false},
{"techniqueID": "T1021.001", "score": 1, "metadata": [{"name": "Group", "value": "Sophos"},
{"name": "Campaign", "value": "Top 5 techniques observed with each tactic in 2020/2021"}]},
{"techniqueID": "T1047", "score": 1, "metadata": [{"name": "Group", "value": "Sophos"},
{"name": "Campaign", "value": "Top 5 techniques observed with each tactic in 2020/2021"}], "showSubtechniques": false},
{"techniqueID": "T1572", "score": 1, "metadata": [{"name": "Group", "value": "Sophos"},
{"name": "Campaign", "value": "Top 5 techniques observed with each tactic in 2020/2021"}], "showSubtechniques": false},
{"techniqueID": "T1543", "score": 1, "metadata": [{"name": "Group", "value": "Sophos"},
{"name": "Campaign", "value": "Top 5 techniques observed with each tactic in 2020/2021"}], "showSubtechniques": false},
{"techniqueID": "T1496", "score": 1, "metadata": [{"name": "Group", "value": "Sophos"},
{"name": "Campaign", "value": "Top 5 techniques observed with each tactic in 2020/2021"}], "showSubtechniques": false},
{"techniqueID": "T1569", "score": 1, "metadata": [{"name": "Group", "value": "Sophos"},
{"name": "Campaign", "value": "Top 5 techniques observed with each tactic in 2020/2021"}], "showSubtechniques": false},
{"techniqueID": "T1566", "score": 1, "metadata": [{"name": "Group", "value": "Sophos"},
{"name": "Campaign", "value": "Top 5 techniques observed with each tactic in 2020/2021"}], "showSubtechniques": false},
{"techniqueID": "T1485", "score": 1, "metadata": [{"name": "Group", "value": "Sophos"},
{"name": "Campaign", "value": "Top 5 techniques observed with each tactic in 2020/2021"}], "showSubtechniques": false},
{"techniqueID": "T1110", "score": 1, "metadata": [{"name": "Group", "value": "Sophos"},
{"name": "Campaign", "value": "Top 5 techniques observed with each tactic in 2020/2021"}], "showSubtechniques": false},
{"techniqueID": "T1562.001", "score": 1, "metadata": [{"name": "Group", "value": "Sophos"},
{"name": "Campaign", "value": "Top 5 techniques observed with each tactic in 2020/2021"}]},
{"techniqueID": "T1005", "score": 1, "metadata": [{"name": "Group", "value": "Sophos"},
{"name": "Campaign", "value": "Top 5 techniques observed with each tactic in 2020/2021"}], "showSubtechniques": false},
{"techniqueID": "T1486", "score": 1, "metadata": [{"name": "Group", "value": "Sophos"},
{"name": "Campaign", "value": "Top 5 techniques observed with each tactic in 2020/2021"}], "showSubtechniques": false},
{"techniqueID": "T1021.002", "score": 1, "metadata": [{"name": "Group", "value": "Sophos"},
{"name": "Campaign", "value": "Top 5 techniques observed with each tactic in 2020/2021"}]},
{"techniqueID": "T1016", "score": 1, "metadata": [{"name": "Group", "value": "Sophos"},
{"name": "Campaign", "value": "Top 5 techniques observed with each tactic in 2020/2021"}], "showSubtechniques": false},
{"techniqueID": "T1570", "score": 1, "metadata": [{"name": "Group", "value": "Sophos"},
{"name": "Campaign", "value": "Top 5 techniques observed with each tactic in 2020/2021"}], "showSubtechniques": false},
{"techniqueID": "T1082", "score": 1, "metadata": [{"name": "Group", "value": "Sophos"},
{"name": "Campaign", "value": "Top 5 techniques observed with each tactic in 2020/2021"}], "showSubtechniques": false},
{"techniqueID": "T1204", "score": 1, "metadata": [{"name": "Group", "value": "Sophos"},
{"name": "Campaign", "value": "Top 5 techniques observed with each tactic in 2020/2021"}], "showSubtechniques": false},
{"techniqueID": "T1547.001", "score": 1, "metadata": [{"name": "Group", "value": "Sophos"},
{"name": "Campaign", "value": "Top 5 techniques observed with each tactic in 2020/2021"}]},
{"techniqueID": "T1552.002", "score": 1, "metadata": [{"name": "Group", "value": "Sophos"},
{"name": "Campaign", "value": "Top 5 techniques observed with each tactic in 2020/2021"}]},
{"techniqueID": "T1546.007", "score": 1, "metadata": [{"name": "Group", "value": "Sophos"},
{"name": "Campaign", "value": "Top 5 techniques observed with each tactic in 2020/2021"}]},
{"techniqueID": "T1008", "score": 1, "metadata": [{"name": "Group", "value": "Sophos"},
{"name": "Campaign", "value": "Top 5 techniques observed with each tactic in 2020/2021"}], "showSubtechniques": false},
{"techniqueID": "T1003", "score": 1, "metadata": [{"name": "Group", "value": "Sophos"},
{"name": "Campaign", "value": "Top 5 techniques observed with each tactic in 2020/2021"}], "showSubtechniques": false},
{"techniqueID": "T1560.001", "score": 1, "metadata": [{"name": "Group", "value": "Sophos"},
{"name": "Campaign", "value": "Top 5 techniques observed with each tactic in 2020/2021"}]},
{"techniqueID": "T1033", "score": 1, "metadata": [{"name": "Group", "value": "Sophos"},
{"name": "Campaign", "value": "Top 5 techniques observed with each tactic in 2020/2021"}], "showSubtechniques": false},
{"techniqueID": "T1105", "score": 1, "metadata": [{"name": "Group", "value": "Sophos"},
{"name": "Campaign", "value": "Top 5 techniques observed with each tactic in 2020/2021"}], "showSubtechniques": false},
{"techniqueID": "T1489", "score": 1, "metadata": [{"name": "Group", "value": "Sophos"},
{"name": "Campaign", "value": "Top 5 techniques observed with each tactic in 2020/2021"}], "showSubtechniques": false},
{"techniqueID": "T1547.010", "score": 1, "metadata": [{"name": "Group", "value": "Sophos"},
{"name": "Campaign", "value": "Top 5 techniques observed with each tactic in 2020/2021"}]},
{"techniqueID": "T1059", "score": 1, "metadata": [{"name": "Group", "value": "Sophos"},
{"name": "Campaign", "value": "Top 5 techniques observed with each tactic in 2020/2021"}], "showSubtechniques": false},
{"techniqueID": "T1078", "score": 1, "metadata": [{"name": "Group", "value": "Sophos"},
{"name": "Campaign", "value": "Top 5 techniques observed with each tactic in 2020/2021"}], "showSubtechniques": false},
{"techniqueID": "T1098", "score": 1, "metadata": [{"name": "Group", "value": "Sophos"},
{"name": "Campaign", "value": "Top 5 techniques observed with each tactic in 2020/2021"}], "showSubtechniques": false},
{"techniqueID": "T1195", "score": 1, "metadata": [{"name": "Group", "value": "Sophos"},
{"name": "Campaign", "value": "Top 5 techniques observed with each tactic in 2020/2021"}], "showSubtechniques": false},
{"techniqueID": "T1053", "score": 1, "metadata": [{"name": "Group", "value": "Sophos"},
{"name": "Campaign", "value": "Top 5 techniques observed with each tactic in 2020/2021"}], "showSubtechniques": false},
{"techniqueID": "T1190", "score": 1, "metadata": [{"name": "Group", "value": "Sophos"},
{"name": "Campaign", "value": "Top 5 techniques observed with each tactic in 2020/2021"}], "showSubtechniques": false},
{"techniqueID": "T1552.004", "score": 1, "metadata": [{"name": "Group", "value": "Sophos"},
{"name": "Campaign", "value": "Top 5 techniques observed with each tactic in 2020/2021"}]},
{"techniqueID": "T1048", "score": 1, "metadata": [{"name": "Group", "value": "Sophos"},
{"name": "Campaign", "value": "Top 5 techniques observed with each tactic in 2020/2021"}], "showSubtechniques": false},
{"techniqueID": "T1074", "score": 1, "metadata": [{"name": "Group", "value": "Sophos"},
{"name": "Campaign", "value": "Top 5 techniques observed with each tactic in 2020/2021"}], "showSubtechniques": false},
{"techniqueID": "T1218", "score": 1, "metadata": [{"name": "Group", "value": "Sophos"},
{"name": "Campaign", "value": "Top 5 techniques observed with each tactic in 2020/2021"}], "showSubtechniques": false},
{"techniqueID": "T1567.002", "score": 1, "metadata": [{"name": "Group", "value": "Sophos"},
{"name": "Campaign", "value": "Top 5 techniques observed with each tactic in 2020/2021"}]},
{"techniqueID": "T1112", "score": 1, "metadata": [{"name": "Group", "value": "Sophos"},
{"name": "Campaign", "value": "Top 5 techniques observed with each tactic in 2020/2021"}], "showSubtechniques": false},
{"techniqueID": "T1007", "score": 1, "metadata": [{"name": "Group", "value": "Sophos"},
{"name": "Campaign", "value": "Top 5 techniques observed with each tactic in 2020/2021"}], "showSubtechniques": false},
{"techniqueID": "T1567", "showSubtechniques": true},
{"techniqueID": "T1550", "showSubtechniques": true},
{"techniqueID": "T1021", "showSubtechniques": true},
{"techniqueID": "T1562", "showSubtechniques": true},
{"techniqueID": "T1547", "showSubtechniques": true},
{"techniqueID": "T1552", "showSubtechniques": true},
{"techniqueID": "T1546", "showSubtechniques": true},
{"techniqueID": "T1560", "showSubtechniques": true}], "showTacticRowBackground": false, "tacticRowBackground": "#dddddd", "selectTechniquesAcrossTactics": true, "gradient": {"colors": ["#ffcece", "#ff0000"], "minValue": 0, "maxValue": 1},
"legendItems": [{"label": "Tech. not often used", "color": "#ffcece"},
{"label": "Tech. used frequently", "color": "#ff0000"},
{"label": "Groups overlay: tech. in group + overlay", "color": "#f9a825"},
{"label": "Groups overlay: tech. in overlay", "color": "#ffee58"},
{"label": "Src. of tech. is only software", "color": "#0d47a1 "},
{"label": "Src. of tech. is group(s)/overlay + software", "color": "#64b5f6 "}]}